区域,餐饮类型编码,餐饮类型名称,POI名称,详细地址,经度(lon),纬度(lat),联系电话,营业时段
惠济区,50100,中餐厅,鸿源斋食府(惠济旗舰店),新城街道金河路122-3正西方向130米毛庄小区二号院,113.629631,34.865377,0371-55551022,8：00——22：00
惠济区,50100,中餐厅,仲和小馆(长兴路店),长兴大厦西北门旁(王砦地铁站A口步行190米),113.625676,34.818571,0371-88959158;13333818993,8：00——22：00
惠济区,50100,中餐厅,仲和晓院(英才街店),花园路与英才街向西300米路北,113.676455,34.860438,19003831588,8：00——22：00
惠济区,50100,中餐厅,额尔敦传统涮(艺茂国际仓店),天元路清华园路交叉路口西南角,113.61981,34.860337,0371-89819488,8：00——22：00
惠济区,50100,中餐厅,谷雨春红烧黄河大鲤鱼(迎宾路店),迎宾路街道迎宾路10号五期12栋,113.663016,34.871563,0371-63755599,8：00——22：00
惠济区,50100,中餐厅,宴秋杭州菜(月湖店),万达后面碧源月湖会馆4层,113.635429,34.871433,0371-66832222,8：00——22：00
惠济区,50100,中餐厅,大塘餐厅(迎宾路店),迎宾路大河龙城商业街4号,113.665047,34.871556,0371-65569919;19138126518,8：00——22：00
惠济区,50100,中餐厅,鹅娘锦塘地锅(惠济区店),江山路街道英才街重久路向南五十米路西,113.6154,34.853449,15638826670,8：00——22：00
惠济区,50100,中餐厅,老罗家·非遗砂锅大鱼头(省体育中心店),金蓝湾东南门北120米,113.630757,34.825166,15136258429;18937673129,8：00——22：00
惠济区,50100,中餐厅,肘子刘(开元路店),银通路与开元路交叉口西北,113.669862,34.867178,0371-63562111;0371-63762777,8：00——22：00
惠济区,50100,中餐厅,椒馋小馆(绿源路店),惠源商务B座,113.569906,34.88838,0371-56602150;18695908288,8：00——22：00
惠济区,50100,中餐厅,宴秋(花园北路店),花园北路与金达路交叉口西南角惠达金苑1号楼,113.678236,34.862244,0371-65989999,8：00——22：00
惠济区,50100,中餐厅,兰湘子.湘菜小炒(郑州惠济万达广场店),开元路68号惠济万达5楼,113.635798,34.868718,0371-60972879;19939941770,8：00——22：00
惠济区,50100,中餐厅,煌粮小灶精致·家常菜,文化北路300号(黄河迎宾馆地铁站H口步行490米),113.640925,34.870444,0371-55955998;17398986199,8：00——22：00
惠济区,50100,中餐厅,米喜鱼·烤活鱼(惠济万达店),开元路68号万达广场(郑州惠济店)5F层5016、5017,113.63687,34.868909,15617937992,8：00——22：00
惠济区,50100,中餐厅,须水邓记叫化鸡(长兴路店),长兴路街道宏达街6号宏达小区,113.626328,34.823541,0371-88888979;13783499845,8：00——22：00
惠济区,50100,中餐厅,四囍·冰城小馆东北锅包肉,弓庄新城二号院一号楼36-2号商铺,113.681163,34.868669,0371-55658115;17320125500,8：00——22：00
惠济区,50100,中餐厅,锦珍锦顺德开煲(南阳路店),建业壹号城邦154号附1-2层101,113.629149,34.806104,0371-63756918;0371-63756928;13838163001,8：00——22：00
惠济区,50100,中餐厅,虎丫炒鸡(河南郑州惠济万达店),开元路惠济万达广场5楼5013号商铺,113.636345,34.868896,19339980371,8：00——22：00
惠济区,50100,中餐厅,融合餐厅(怡丰森林湖店),大河路街道天河路6号怡丰森林湖一期,113.61802,34.89777,0371-53661199;0371-86093399,8：00——22：00
惠济区,50100,中餐厅,小菜园新徽菜(郑州惠济万达店),开元路68号万达广场室内步行街5楼,113.637243,34.868637,0371-55010577,8：00——22：00
惠济区,50100,中餐厅,仲和小馆(银通路店),河南汽车贸易中心西门旁,113.671131,34.86453,0371-53675550;15978674190,8：00——22：00
惠济区,50100,中餐厅,湘遇·口碑湖南菜,三全路与长兴路交叉口向西100m路北,113.623984,34.832958,0371-53672688,8：00——22：00
惠济区,50100,中餐厅,醉巴鲜烤鱼(英才街店),英才街与桂圆南街交叉口西北角中洲大学旅游实训楼一楼A2,113.652075,34.860027,19339913338,8：00——22：00
惠济区,50100,中餐厅,黄家老店(惠济店),黄家老店惠济店西北门旁,113.615231,34.859061,0371-63637700,8：00——22：00
惠济区,50100,中餐厅,胖哥俩肉蟹煲(惠济万达店),开元路惠济万达广场4楼,113.638279,34.86876,0371-63310509;17195034579,8：00——22：00
惠济区,50100,中餐厅,同胜祥(丰乐路总店),丰乐路与宋寨南街交叉口西南角附10号,113.63575,34.801423,0371-63300888,8：00——22：00
惠济区,50100,中餐厅,好彩猪肚鸡火锅(国基路店),长兴路街道长虹路25号国金花园,113.629749,34.819931,0371-67113358,8：00——22：00
惠济区,50100,中餐厅,膳廷居·四季药膳餐厅,国金花园东门旁,113.630191,34.820437,18503857099,8：00——22：00
惠济区,50100,中餐厅,王馍头,长兴路15-2号(王砦地铁站C口步行180米),113.625714,34.82202,19037158338,8：00——22：00
惠济区,50100,中餐厅,半天妖烤鱼(惠济万达店),开元路68号万达广场(郑州惠济店)5F层5051,113.636704,34.868621,15713669329,8：00——22：00
惠济区,50100,中餐厅,杨掌柜辣椒炒肉(民安北郡店),新城街道开元路100号民安北郡一期21号楼1-2层附1819号,113.621823,34.867976,18790263151,8：00——22：00
惠济区,50100,中餐厅,绿茶餐厅(郑州惠济万达店),开元路68号万达广场5楼5007,113.635335,34.869016,0371-60956882,8：00——22：00
惠济区,50100,中餐厅,洛城外砂锅现切牛肚(总店),丰乐路与生产路交叉口往东100米路北,113.649089,34.78493,17734808255,7：00——22：00
惠济区,50100,中餐厅,京小凤鲜炒大盘鸡(南阳路店),刘寨街道南阳路185号裕华文汇,113.631822,34.801091,19337113358,8：00——22：00
惠济区,50100,中餐厅,驴秀才田园路店(郑州总店),水镜怡园小区22栋一层商铺23号,113.662975,34.869097,15238347779;18836973918,8：00——22：00
惠济区,50100,中餐厅,姐弟俩土豆粉(郑州惠济尚购生活广场店),尚购生活广场西南1门旁,113.650979,34.785924,17703822618,7：00——22：00
惠济区,50100,中餐厅,哈喽小锅侠自助火锅(月湖广场店),迎宾路街道新城路与文创路交叉口月湖广场3号楼1层1113号,113.636513,34.869599,15639935011,8：00——22：00
惠济区,50100,中餐厅,秋波里爆蛋豆腐虾(惠济万达店),开元路68号万达广场(郑州惠济店)5F层5022B,113.637777,34.868946,17719893063,8：00——22：00
惠济区,50100,中餐厅,常湘思·湘菜小炒,惠济万达5楼5018号,113.637052,34.868759,18638738909,8：00——22：00
惠济区,50100,中餐厅,周麻婆(郑州惠济万达广场店),开元路68号万达广场郑州惠济店5F层,113.637451,34.868793,0371-53675168;19059510666,8：00——22：00
惠济区,50100,中餐厅,额娘春饼·烤鸭(惠济万达店),开元路68号万达广场5楼,113.636511,34.868982,0371-55185015;15628875261,8：00——22：00
惠济区,50100,中餐厅,彭老铁铁锅焖面豫东特色菜,东风路与丰乐路交叉口向北300米路西,113.637507,34.799075,18695878831,7：00——22：00
惠济区,50100,中餐厅,晋晋有味(迎宾路店),迎宾办事处迎宾路10号大河龙城五期商业街13栋一层,113.662246,34.871576,0371-66896669;17752555618,8：00——22：00
惠济区,50100,中餐厅,思念果岭大年农庄餐厅,岸86号黄河大观四季温泉度假区内,113.515391,34.919063,0371-56280095,9：00——22：00
惠济区,50100,中餐厅,地锅年代(江山路店),三全路与江山路交叉口向北200米路东,113.620334,34.835146,18569915509,8：00——22：00
惠济区,50100,中餐厅,洛九门·洛阳涮牛肚(英才街店),英才街159号盛唐国际水汇大堂门口南旁边洛九门洛阳涮牛肚,113.641346,34.859863,19138076312,8：00——22：00
惠济区,50100,中餐厅,聚味美鲜炒大盘鸡(英才街店),桂圆南街与英才街交叉口南50米,113.653411,34.858773,18336371233,8：00——22：00
惠济区,50100,中餐厅,溢美德·云南蒸汽石锅鱼(美景·欢乐广场店),文化北路236号美景·欢乐广场F5层,113.645636,34.858955,16637174781,8：00——22：00
惠济区,50100,中餐厅,福状元(英才街店),"迎宾路办事处英才街19号中原桂冠小区1号楼1层5号,6号,7号",113.672243,34.860177,0371-55912099,8：00——22：00
惠济区,50100,中餐厅,御宾苑烩面(新城路店),新城街道清华园路新城路交叉口向东100米路北(毛庄村),113.624734,34.870201,0371-63985816;0371-63987398,8：00——22：00
惠济区,50100,中餐厅,我的小板凳街坊火锅(银通路店),金达路与银通路交叉口往北30米,113.671166,34.863277,15838226138,8：00——22：00
惠济区,50100,中餐厅,信阳刘三渔家(天河路店),天河路与312交叉口向北20米路西,113.613582,34.905337,15038269188,9：00——22：00
惠济区,50100,中餐厅,醉巴鲜烤鱼,尚购生活广场天明路店东门北50米,113.650943,34.786757,19339913100,7：00——22：00
惠济区,50100,中餐厅,西部大盘鸡鲜炒鸡(英才街店),英才街与桂圆南街交叉口向西100米路北A6-1,113.652561,34.859996,19803829775,8：00——22：00
惠济区,50100,中餐厅,转角遇见虾火锅川菜(黄河美邸店),英才街与桂圆街交叉口西南角,113.652808,34.85949,15803815182,8：00——22：00
惠济区,50100,中餐厅,同胜祥(物流港店),绿环路168号市场办公楼一楼,113.571865,34.88567,0371-86188856;17698353522,8：00——22：00
惠济区,50100,中餐厅,小yi家火锅鸡,英才街和文化北路交叉口向南300米路东,113.647693,34.8581,13703840172,8：00——22：00
惠济区,50100,中餐厅,土房子怪味鱼,迎宾路街道开元路与银通路交叉口西北角10号27,113.670374,34.867157,18539923937,8：00——22：00
惠济区,50100,中餐厅,铁牛黄河大鲤鱼,后刘村16号,113.599639,34.906036,13949089777,9：00——22：00
惠济区,50100,中餐厅,思念果岭湖畔花房餐厅,雍府别墅西南侧20米,113.51655,34.914813,18569978019,9：00——22：00
惠济区,50100,中餐厅,甄玉川礼宴棠,东风路街道丰乐路96号A座,113.632704,34.804904,13633855888,8：00——22：00
惠济区,50100,中餐厅,黔途酸汤鱼(裕华·第九城市店),长兴路与三全路向南50米路西,113.625541,34.831687,0371-55672368;19139950356,8：00——22：00
惠济区,50100,中餐厅,福状元(郑州惠济万达广场店),开元路68号万达广场郑州惠济店5F层,113.636377,34.868556,0371-65753359,8：00——22：00
惠济区,50100,中餐厅,醉巴鲜烤鱼(惠济万达店),"文化路与开元路交口向西400米路北,惠济万达5楼",113.635514,34.868748,0371-88950909,8：00——22：00
惠济区,50100,中餐厅,重庆胖哥酸菜鱼(总店),G107与中州大道交叉口东南方向80米,113.67042,34.887877,19939272899,8：00——22：00
惠济区,50100,中餐厅,姐弟俩土豆粉(郑州惠济裕华广场店),长兴路37号裕华广场一层A-1067号商铺,113.624802,34.83322,19337167209,8：00——22：00
惠济区,50100,中餐厅,阿恒香厨,江山北路森巴林海百汇街(孙庄社区门口),113.54589,34.912864,15638887547;18336387295,9：00——22：00
惠济区,50100,中餐厅,北59号私房菜小馆,民安北郡1期西南门南130米,113.621831,34.86771,0371-61778889,8：00——22：00
惠济区,50100,中餐厅,袁记云饺(郑州市惠济区月湖广场店),新城路月湖广场沿街门面房,113.636946,34.869581,15038389915,8：00——22：00
惠济区,50100,中餐厅,叶记闽南海鲜饭店(中部两岸海鲜物流港店),花园路与新107国道(中州大道)交汇立交桥东北角中部两岸海鲜港B东050,113.67511,34.886028,0371-55096996;13939317732;15959630336,8：00——22：00
惠济区,50100,中餐厅,入鸡山鲜炒鸡(艺茂国际仓店),天元路与清华园路交叉口向西150米路南,113.618272,34.860123,18339827708,8：00——22：00
惠济区,50100,中餐厅,爱心烩面香锅鱼(米饭快餐),迎宾路街道西黄刘村惠民农贸市场门口,113.671533,34.878793,17703829009,8：00——22：00
惠济区,50100,中餐厅,华惠记两道菜红烧大鲤鱼鲜炒柴鸡,文化路与滨河路交叉口向东200米,113.650711,34.857242,18539917201,8：00——22：00
惠济区,50100,中餐厅,长垣味道(田园路店),水境·怡园(田园路东)金洼地铁站C口步行370米,113.662971,34.870029,0371-88959933,8：00——22：00
惠济区,50100,中餐厅,朱熙熙三不炒(英才街店),迎宾路街道英才街19号中原桂冠小区2号楼一层门面房,113.673216,34.860147,18503838122,8：00——22：00
惠济区,50100,中餐厅,阿德重庆印象火锅(惠济店),艺茂国际仓东北门旁,113.619915,34.8588,0371-63658822;0371-86650222,8：00——22：00
惠济区,50100,中餐厅,小重庆饭店(长虹路店),金蓝湾西门西北70米,113.629095,34.825575,13837131453,8：00——22：00
惠济区,50100,中餐厅,厨匠博炮崩鸡(北大学城店),英才街11号l2号楼副楼104号,113.653056,34.859495,17630050983,8：00——22：00
惠济区,50100,中餐厅,老长垣美食,沙口路与宋寨南街交叉口东北角,113.623279,34.796542,0371-63655655;13073717715,7：00——22：00
惠济区,50100,中餐厅,驴秀才·品耕记 | 民间土菜小馆(清华园路门店),清华园路11号,113.620985,34.862489,15738827371,8：00——22：00
惠济区,50100,中餐厅,三厂烩羊肉(滨河路店),文化路滨河路交叉口向东150米路北,113.651442,34.857205,0371-55092552;18539256366;19939966270,8：00——22：00
惠济区,50100,中餐厅,老堂口成都江湖菜(南阳路136号南院店),南阳路136号-2号,113.631949,34.801855,15981879517;18538537166,8：00——22：00
惠济区,50100,中餐厅,东北饺子(谦祥·兴隆城嘉园店),谦祥福晟兴隆城市,113.619174,34.805237,18638637850,8：00——22：00
惠济区,50100,中餐厅,穆记涮锅(电厂路绿洲花园3号院店),电厂路利海绿洲花园29号楼商户,113.607112,34.801305,15237138157,8：00——22：00
惠济区,50100,中餐厅,(赟厨艺)信阳品牌菜(开元路店),毛庄小区二号院西门南70米,113.626441,34.86478,19103816956,8：00——22：00
惠济区,50100,中餐厅,川渝老厨子(博颂路店),南阳路155号院中基都市春天8号楼105至109号,113.63013,34.808207,13027637160,8：00——22：00
惠济区,50100,中餐厅,船夫煎烧黄河大鲤鱼,江山路684号,113.536128,34.93577,13633713890;13703862336,9：00——22：00
惠济区,50100,中餐厅,王岗扣碗大锅菜(开元路店),兰亭山庄南门西180米,113.670699,34.867182,15093372544;15237172802,8：00——22：00
惠济区,50100,中餐厅,巴蜀渔庄(青寨店),月季街御翠园北门,113.65894,34.876653,0371-58611655;15837175305,8：00——22：00
惠济区,50100,中餐厅,娇典纸上烤鱼(惠济万科店),文化北路236号美景·欢乐广场F5层,113.645458,34.858098,0371-63388781,8：00——22：00
惠济区,50100,中餐厅,锅姐弟地锅柴鸡(民安北郡店),金河路民安北郡东区东门北侧商户,113.628356,34.868532,15303711471,8：00——22：00
惠济区,50100,中餐厅,豫姥家大锅台(民安北郡店),清华园路141-54,113.622023,34.868858,15838128615,8：00——22：00
惠济区,50100,中餐厅,闽记海鲜饭店,中州大道269号,113.670411,34.887839,0371-60907010;15886700711,8：00——22：00
惠济区,50100,中餐厅,粥全周道烤鸭店,迎宾路与香山路交叉口西北角100米,113.666498,34.871586,0371-55959667;18037510887,8：00——22：00
惠济区,50100,中餐厅,西部来客鲜炒大盘鸡(英才街旗舰店),英才街口桂圆南街交叉口西北角,113.652307,34.86003,13783669636,8：00——22：00
惠济区,50100,中餐厅,春园鲜炒大盘鸡,迎宾路街道开元路203号,113.657327,34.865914,13949021087,8：00——22：00
惠济区,50100,中餐厅,闽乡海鲜馆,中州大道中部两岸海鲜物流园B栋033号,113.675034,34.886562,0371-56639009,8：00——22：00
惠济区,50100,中餐厅,米村拌饭(英才街大学城店),英才街与桂圆南街交叉口西北角中州大学旅游实训楼1楼A13-A14号,113.651648,34.860024,18697025414,8：00——22：00
惠济区,50100,中餐厅,豫赐妈妈菜,永明门东南门旁,113.542905,34.909534,0371-62366667,9：00——22：00
惠济区,50100,中餐厅,塔斯汀中国汉堡(惠济裕华广场店),"长兴路街道惠济区三全路北,长兴路西5号楼岗1-2层111商铺",113.625624,34.834553,17310983865,8：00——22：00
惠济区,50100,中餐厅,英才美食城,文化路英才街向西200米路南,113.642236,34.859681,15237194444,8：00——22：00
惠济区,50100,中餐厅,髯郎居砂锅炖山羊(民安北郡2期店),民安·北郡一号院(毛庄地铁站D口步行460米),113.628102,34.868971,0371-61179690,8：00——22：00
惠济区,50100,中餐厅,柏亦宴会中心,天河路32号,113.613202,34.854748,0371-60900373;19036523663,8：00——22：00
惠济区,50100,中餐厅,黄河农家地锅炖,郑州市惠济区古荥镇于庄大门口,113.534475,34.93555,13213151766,9：00——22：00
惠济区,50100,中餐厅,麦稻中式健康菜,英才街与东风渠滨河路交叉口东南160米,113.637825,34.858925,19139889022,8：00——22：00
惠济区,50100,中餐厅,豫姥家大锅台(美景欢乐广场店),美景·欢乐广场西门南100米,113.644477,34.858542,16638205558,8：00——22：00
惠济区,50100,中餐厅,米皮记清真餐厅(宏达街店),金蓝湾10-2号,113.629557,34.823556,17596751811,8：00——22：00
惠济区,50100,中餐厅,三和美食(天河路),新城路与天河路交汇处惠城社区,113.613796,34.873475,15716784089,8：00——22：00
惠济区,50100,中餐厅,伏牛里南阳黄牛鲜汤(省体育中心店),长兴路37号院5号楼底商110号,113.625352,34.834874,13598823872,8：00——22：00
惠济区,50100,中餐厅,豫龙武陟砂锅(惠济万达店),新城街道毛庄社区2号院20号楼一层30号商铺,113.627736,34.866226,13014577576;18037378080,8：00——22：00
惠济区,50100,中餐厅,姐弟俩土豆粉(郑州惠济福都购物广场金达店),福都购物广场金达店3号门旁,113.687109,34.863661,17729777282,8：00——22：00
惠济区,50100,中餐厅,孙老大信阳渔家天河路店,天河路黄河大坝向南200米路西孙老大信阳渔家,113.616155,34.906827,18530966950,9：00——22：00
惠济区,50100,中餐厅,郑州新家园渔村正宗大块鱼,天河路森林湖550米路东,113.617476,34.906764,13603717703,9：00——22：00
惠济区,50100,中餐厅,刘统领地锅柴鸡(民安北郡店),清华园路与公交南路交叉口南140米,113.622357,34.871642,15538167500,8：00——22：00
惠济区,50100,中餐厅,周老大饸饹面总店,文化路与英才街交叉口往西50米路北,113.64518,34.860292,13103719978,8：00——22：00
惠济区,50100,中餐厅,豫南宴信阳菜,龙城广场1号楼东南角,113.643548,34.868217,0371-61383999;16638050666,8：00——22：00
惠济区,50100,中餐厅,南阳寨扣碗(西湖花园东区店),西湖花园东区,113.604943,34.808983,18538927038,8：00——22：00
惠济区,50100,中餐厅,湘厨湘味(丰乐路店),丰乐路与丰华路交叉口东南40米,113.632882,34.806028,13290901009,8：00——22：00
惠济区,50100,中餐厅,福临滋补烩面农家菜(丰乐路店),郑州市金水区索凌路8号大河春天小区8号看台商铺1层1号商铺,113.6307,34.809071,13523056371,8：00——22：00
惠济区,50100,中餐厅,易德老狼大盘鸡(牧业经济学院店),文化路与英才街交叉口146-1(万科广场对面),113.644953,34.860263,13676908319;19139955808,8：00——22：00
惠济区,50100,中餐厅,秋波里爆蛋豆腐虾(金达福都广场店),福都广场(金达店),113.68744,34.863794,19337172981,8：00——22：00
惠济区,50100,中餐厅,御锅苑涮锅(丰乐路店),丰乐路与博颂路交叉口向南200米路西,113.631922,34.806869,13673696447,8：00——22：00
惠济区,50100,中餐厅,明记信阳酒家(丰乐园公寓店),丰乐园公寓,113.633522,34.80422,0371-65015899;13283847337,8：00——22：00
惠济区,50100,中餐厅,土灶台,铭功路258号瑞士酒店公寓1236,113.626373,34.840637,13623719862;15515752357,8：00——22：00
惠济区,50100,中餐厅,赵氏农家驴肉馆,宏安路与金杯北路交叉口东400米,113.636807,34.84417,19036928081,8：00——22：00
惠济区,50100,中餐厅,起龙香辣鸡(南阳路店),南阳路177号6号楼1层104号,113.62561,34.806614,13938721931,8：00——22：00
惠济区,50100,中餐厅,清真劈柴地锅(御森苑店),花园口村三期社区159-1,113.665826,34.901625,15515826556;18336319161,9：00——22：00
惠济区,50100,中餐厅,重庆胖哥酸菜鱼(第六分店)江山路老店,新江山路与黄浮路交叉口东新社区1排1号,113.532638,34.943432,13526522935;13598866932,9：00——22：00
惠济区,50100,中餐厅,冯二砂锅,英才街桂圆南街交叉口西北角中州大学旅游实训楼A9号,113.652148,34.859998,15249697431,8：00——22：00
惠济区,50100,中餐厅,东方酒家农家扣碗炖菜(江山路店),江山路与沿黄快速路交叉口,113.550508,34.907529,0371-63776381;15639250827,9：00——22：00
惠济区,50100,中餐厅,豫姥家大锅台(英才街店),英才街与桂圆南街交叉口西北角中州大学实训楼二楼B9后B10,113.652111,34.859998,16638105558,8：00——22：00
惠济区,50100,中餐厅,德源天鲜牛生鲜牛肉火锅(田园路店),田园路水镜怡园小区34号铺,113.662869,34.869442,15938775806;17513378585,8：00——22：00
惠济区,50100,中餐厅,老地香烤全羊,新城街道李西河村惠民路90号花猫休闲钓场北隔壁,113.633591,34.902822,13673396909;15617640879,9：00——22：00
惠济区,50100,中餐厅,孙峰洛阳牛肉汤(滨河路店),天河路与滨河路下坡杨孙峰洛阳牛肉汤郑州总店,113.61042,34.850312,13298159519;15713662858,8：00——22：00
惠济区,50100,中餐厅,信阳品牌菜(金杯路店),金杯路国基路交叉口向北50米路西,113.630237,34.820164,19949196722,8：00——22：00
惠济区,50100,中餐厅,老寨门(运和宸院店),大河路与翡翠路交叉口向南150米路西,113.617996,34.878212,0371-58682007,8：00——22：00
惠济区,50100,中餐厅,小老井炒鸡(裕华美欣店),长兴路街道长柳路六号二号楼1-2层商11号,113.620543,34.83551,13203821503,8：00——22：00
惠济区,50100,中餐厅,毅品鲜干锅鸭,英才街和文化北路交叉口向南350米路东(187-31号),113.64774,34.857994,13703840172,8：00——22：00
惠济区,50100,中餐厅,朱熙熙三不炒(月湖店),碧源月湖广场1层3-109号,113.636455,34.869838,13027504882;17637869159,8：00——22：00
惠济区,50100,中餐厅,八喜·粗粮烙馍村,文化北路300号(黄河迎宾馆地铁站H口步行440米),113.641527,34.870469,17335786782,8：00——22：00
惠济区,50100,中餐厅,橘婆婆地锅柴鸡(金杯路店),金杯路宏达路向北10米路西10-6号八一小学对面,113.630585,34.824211,0371-66113332;13223049796;17516481555,8：00——22：00
惠济区,50100,中餐厅,老胡家湘西菜馆,南阳路宋寨南街博金眼镜城东配楼一楼135-4号,113.63339,34.801566,18503711147,8：00——22：00
惠济区,50100,中餐厅,葛师傅烧烤野火锅(昌建·誉峰店),南阳路博颂路昌建誉峰177-54(兴隆铺地铁站C口旁),113.626832,34.806989,13523095674;18603868684,8：00——22：00
惠济区,50100,中餐厅,永城传统名吃(泰力小区店),长兴路三十二号宏达路交叉口向北五十米路东,113.62635,34.824967,17839000996;18538763367,8：00——22：00
惠济区,50100,中餐厅,义和园饭庄,孔庄村106号,113.508684,34.884603,17133997777,8：00——22：00
惠济区,50100,中餐厅,凯珂家马家羊肉鲜汤馆(老鸦陈总店),宏达路与长兴路西南角19-3,113.625107,34.823047,0371-55980017,8：00——22：00
惠济区,50100,中餐厅,四和涮锅(裕华美欣店),长兴路街道长柳路6号裕华美欣,113.61988,34.83579,0371-60392639,8：00——22：00
惠济区,50100,中餐厅,老家罗山菜(艺茂国际仓店),天河路与天元路交叉口向东300路南火车中间,113.618168,34.860074,13681260222;15736702779,8：00——22：00
惠济区,50100,中餐厅,半亩地家常饭(民安·北郡一号院店),民安·北郡一号院(毛庄地铁站D口步行320米),113.628696,34.867705,0371-66995205,8：00——22：00
惠济区,50100,中餐厅,清园开封灌汤包老店,,113.630924,34.802352,18237158563,8：00——22：00
惠济区,50100,中餐厅,996兄弟大排档,江山路119号,113.620619,34.834585,18625559345,8：00——22：00
惠济区,50100,中餐厅,柒光光泡椒米线(旗舰店),月湖金街广场3-101-1,113.636535,34.870051,13426107191,8：00——22：00
惠济区,50100,中餐厅,齐琪烙馍村家常菜长兴路店,长兴路国基路交叉口南100米路东,113.626286,34.818254,13203834196,8：00——22：00
惠济区,50100,中餐厅,壹号燃点烙馍村,木马嘉苑壹号院东2门旁,113.640847,34.864789,15503715588,8：00——22：00
惠济区,50100,中餐厅,老田饭店,花园口镇南月堤村一排二号,113.695989,34.894241,15638106766;18537176935,8：00——22：00
惠济区,50100,中餐厅,千吉千禧大盘鸡(长虹路旗舰店),金蓝湾西门旁,113.629121,34.824868,0371-63316418,8：00——22：00
惠济区,50100,中餐厅,稻李家烙馍村,南阳路心语雅园西1门旁(兴隆铺地铁站C口步行200米),113.627163,34.808457,13676998036;15738859458,8：00——22：00
惠济区,50100,中餐厅,阿乐牛腩锅(昌建·誉峰店),昌建誉峰西北1门西侧3号楼门面房3114,113.625038,34.80645,13783606296,8：00——22：00
惠济区,50100,中餐厅,广缘斋食府旗舰店,毛庄小区二号院东门东南100米,113.630322,34.865339,0371-58522222,8：00——22：00
惠济区,50100,中餐厅,勤人香麻辣鸡头(家常美食),江山路裕华美欣小区路南,113.621288,34.83502,13213155861;18638135767,8：00——22：00
惠济区,50100,中餐厅,袁掌柜食府(北城花园店),江山路与三全路交叉口向北300米北城花园,113.619149,34.836647,0371-63382669,8：00——22：00
惠济区,50100,中餐厅,穆记涮锅(王砦小区西区店),丰乐路与兴隆铺路交叉口西南角,113.629444,34.810399,15225064552,8：00——22：00
惠济区,50100,中餐厅,罗山渔家乐餐厅,防汛拥军路,113.670261,34.903556,13673638522;15981858878,9：00——22：00
惠济区,50100,中餐厅,西部来客鲜炒大盘鸡(弓庄新城店),迎宾路街道弓庄新城二号院1楼39号商铺,113.680923,34.868698,15981824502,8：00——22：00
惠济区,50100,中餐厅,荥泽味道(正商兴汉花园店),大河路与古须路向北400米路西,113.533846,34.882693,15238638466,8：00——22：00
惠济区,50100,中餐厅,信阳特色椒麻鸡火锅(惠济区万达店),黄河学府西南门旁,113.653477,34.857838,13137256691,8：00——22：00
惠济区,50100,中餐厅,花园口黄河人家,花园口老街新一佳超市向北200米左右路西,113.665711,34.903195,"13103863088;13323810356;+861056320612,48482032",9：00——22：00
惠济区,50100,中餐厅,王嘉卫黄焖鸡米饭石锅菜(月湖广场店),新城路月湖金街3号楼151号商铺,113.636557,34.870062,18837119034,8：00——22：00
惠济区,50100,中餐厅,老兵地锅炖,花园路与光杨路交叉口向西100米,113.672746,34.87691,15093210638;17596567212,8：00——22：00
惠济区,50100,中餐厅,厨匠博炮崩鸡(月湖广场店),新城路北假日西路东月湖广场3栋1号楼1层103房,113.636315,34.869895,19059582959,8：00——22：00
惠济区,50100,中餐厅,禧粤·荷塘粤色(民安北郡1期店),民安北郡1期西南门北50米,113.622012,34.869144,0371-88959828,8：00——22：00
惠济区,50100,中餐厅,豫丰川菜烩面馆,东风路街道丰乐路电子厂98-2号,113.63132,34.807801,13247548389,8：00——22：00
惠济区,50100,中餐厅,王老宽蒸菜大食堂,清华园路11号,113.621177,34.863331,17638111113,8：00——22：00
惠济区,50100,中餐厅,智先生炒鸡(福娃美景店),长兴路街道长兴路32号福娃美景,113.626774,34.825849,13213001835;18703628009,8：00——22：00
惠济区,50100,中餐厅,花卉美食广场,江山路郑州陈砦(双桥)花卉基地,113.583737,34.866864,0371-63633338,8：00——22：00
惠济区,50100,中餐厅,鱼你在一起(郑州惠济区裕华广场店),裕华广场负一楼永辉超市内餐饮区,113.624926,34.832881,19538515669,8：00——22：00
惠济区,50100,中餐厅,虹兴砂锅(大河路店),古广路与马村中心路交叉口东100米附近,113.516248,34.881229,13015535158;13526633061,8：00——22：00
惠济区,50100,中餐厅,蜀味轩家常菜(长兴路总店),长兴路12号擎天大厦1层(王砦地铁站D口步行50米),113.626236,34.819962,13849031633;18860388633,8：00——22：00
惠济区,50100,中餐厅,食尚鱼码头主题餐厅(千盛广场店),刘寨街道尚购生活广场,113.650175,34.786925,0371-55632066;13673696560,7：00——22：00
惠济区,50101,综合酒楼,启航鱼香酒楼,黄河文化公园园内,113.52099,34.952753,13673392913,9：00——22：00
惠济区,50101,综合酒楼,连北猪蹄叫化鸡总店,古荥镇连北村口,113.540114,34.923415,13253628856,9：00——22：00
惠济区,50101,综合酒楼,千万大盘鸡烧烤(惠源商务B座店),惠源商务北1门旁,113.569952,34.888329,15225123879,8：00——22：00
惠济区,50101,综合酒楼,信阳渔家(十一店),黄河大堤绿源山水北门,113.58003,34.911407,13949044411,9：00——22：00
惠济区,50101,综合酒楼,锦园新诚记融合菜(惠和苑店),新城路惠和苑小区底商东一户,113.616118,34.870719,15703718800,8：00——22：00
惠济区,50101,综合酒楼,毛庄老家,新城路与金河路交叉口向北200米路西,113.627834,34.873871,18537170588,8：00——22：00
惠济区,50101,综合酒楼,豪客来牛排(郑州惠济万达餐厅),室内步行街层号商铺,113.636045,34.868938,0371-67113539,8：00——22：00
惠济区,50101,综合酒楼,豪享来(宏达路店),宏达街长虹路西北角口华商万汇城1-2层,113.629102,34.823672,0371-63768388,8：00——22：00
惠济区,50101,综合酒楼,新纳西汉堡(英才街店),迎宾办事处英才街桂圆南街临街门面北楼6-1,113.653427,34.857958,15515729563,8：00——22：00
惠济区,50101,综合酒楼,聚四方西餐,惠济区酒店专供区1号,113.606924,34.834698,13939042359,8：00——22：00
惠济区,50101,综合酒楼,张记大锅菜扣碗,大河路祥云寺,113.72224,34.873181,13703824002,8：00——22：00
惠济区,50101,综合酒楼,意统比萨·芝士焗饭(御翠园店),迎宾路街道月季街御翠园小区商铺16-4号,113.659957,34.875086,13526853972,8：00——22：00
惠济区,50101,综合酒楼,刘文祥麻辣烫(英才街店),迎宾路街道国基生活区商业楼1号,113.648541,34.859676,18738108775;18838103212,8：00——22：00
惠济区,50101,综合酒楼,蒸百味扣碗,长虹路与银河街交叉口南60米,113.629074,34.825478,13938562665,8：00——22：00
惠济区,50101,综合酒楼,沙县小吃(月湖广场店),新城路月湖广场3号楼132门店,113.637101,34.869832,13515985502,8：00——22：00
惠济区,50101,综合酒楼,袁四辈驴肉馆,金河路与新城路交叉口向北三百米路东,113.628525,34.874527,13203803840;19526327728,8：00——22：00
惠济区,50101,综合酒楼,老四地摊烧烤,老彭庄村11号,113.549662,34.89843,15515611017,8：00——22：00
惠济区,50101,综合酒楼,顶膳西餐,长兴路街道江山路连霍高速路口信基调味食品城冻品路酒店区20-21号,113.605913,34.834446,0371-55960915;15378763619,8：00——22：00
惠济区,50101,综合酒楼,锦程西餐商行,信基南食化区1号,113.606479,34.834534,0371-63289769;13598885445,8：00——22：00
惠济区,50101,综合酒楼,宏盛西餐食品,三全路与江山路北信基调味食品城冻品五区1561号,113.609862,34.832485,0371-56627625;15903683515,8：00——22：00
惠济区,50101,综合酒楼,多乐堡(东赵店),大河路东赵便民综合市场多乐堡餐厅,113.638091,34.880662,16638025262,8：00——22：00
惠济区,50101,综合酒楼,青创食品郑州分公司,京广快速路信基调味市场5区2101-2102号,113.608712,34.836476,15238395388,8：00——22：00
惠济区,50101,综合酒楼,荣品荟(月湖广场店)(暂停营业),新城路24号碧源月湖广场2层221-222223,113.637356,34.870726,0371-67127777,8：00——22：00
惠济区,50102,四川菜(川菜),重庆川菜馆(珠江荣景店),坡阳路珠江荣景9号楼111号商铺,113.608451,34.845422,15723578770,8：00——22：00
惠济区,50102,四川菜(川菜),桃园餐厅,江山路黄河南岸86号思念果岭国际会议中心东侧,113.530884,34.912353,15837120002,9：00——22：00
惠济区,50102,四川菜(川菜),老四川家常菜(银通商务店),金达路与银通路向北100米,113.671053,34.863679,18135699232,8：00——22：00
惠济区,50102,四川菜(川菜),老重庆酒家,古荥镇大河路老重庆酒家,113.531797,34.879348,15890118487,8：00——22：00
惠济区,50102,四川菜(川菜),晓蓉城社区老火锅(民安北郡2期店),民安·北郡一号院(毛庄地铁站D口步行350米),113.6286,34.867945,15638476000,8：00——22：00
惠济区,50102,四川菜(川菜),川奇麻辣香锅(怡丰新都汇店),刘寨社区生产路怡丰新都汇商业步行街商铺九号楼9-102,113.650578,34.786063,13283869363,7：00——22：00
惠济区,50102,四川菜(川菜),四川担担面•龙虾烧烤•大排档(绿源路店),大河路街道惠源商务1号楼B座东侧小院201,113.570213,34.888326,15824886684,8：00——22：00
惠济区,50102,四川菜(川菜),胖哥酸菜鱼(古须路店),古荥汉代冶铁遗址博物馆西门旁,113.533682,34.875941,15838080660,8：00——22：00
惠济区,50102,四川菜(川菜),李记重庆鸡公煲(黄河美邸店),黄河美邸西北门旁,113.651681,34.859486,18625319399,8：00——22：00
惠济区,50102,四川菜(川菜),川奇麻辣香锅,新城路月湖广场3号楼142-1,113.637008,34.869657,18839959586,8：00——22：00
惠济区,50102,四川菜(川菜),成都川菜馆,文化路与英才街交叉口路东向南300米,113.647628,34.858277,18723729777,8：00——22：00
惠济区,50102,四川菜(川菜),山城渝味馆,南阳路185号裕华文汇小区5号楼1层12号,113.631431,34.801562,18194266986,8：00——22：00
惠济区,50102,四川菜(川菜),小龙门火塘,月湖广场月湖南路文创路东南角,113.638029,34.870573,13148049198,8：00——22：00
惠济区,50102,四川菜(川菜),川湘美食,开元路第三人民医院(北院区)南侧约120米,113.61003,34.867089,18838201768,8：00——22：00
惠济区,50102,四川菜(川菜),大帆重庆老火锅,长兴路33号,113.625672,34.830596,13674949110,8：00——22：00
惠济区,50102,四川菜(川菜),东哥炒鸡酸菜鱼(绿洲花园3号院店),绿洲花园3号院西1门旁,113.607251,34.801247,15188357234,8：00——22：00
惠济区,50102,四川菜(川菜),魏师傅渝味盖浇饭·面·黄焖鸡(黄河美邸店),迎宾路街道英才街19号黄河美邸,113.652445,34.859466,15803815182;18182322712,8：00——22：00
惠济区,50102,四川菜(川菜),佰多签成都串串香,长兴路街道王砦西区住宅楼9号楼三单元26号中间,113.61746,34.816712,18238608996,8：00——22：00
惠济区,50102,四川菜(川菜),北大门火锅,赫兴云仓西南侧80米,113.579905,34.875004,13137702212,8：00——22：00
惠济区,50102,四川菜(川菜),川奇麻辣香锅裕华广场店,长兴路街道三全路北长兴路西5号楼116号,113.625513,34.834372,13083686845,8：00——22：00
惠济区,50102,四川菜(川菜),极客麻辣香锅,黄河学府西南门旁,113.653444,34.857229,13673918921;18639117929,8：00——22：00
惠济区,50102,四川菜(川菜),兴隆酸菜鱼老店,中州大道万客隆家具城5号楼旁边,113.688925,34.868625,15003833002,8：00——22：00
惠济区,50102,四川菜(川菜),正宗川菜炸酱面,大河路街道恩耐基冷链物流产业园B座13号,113.57686,34.892939,15736749847,8：00——22：00
惠济区,50102,四川菜(川菜),要得川菜馆(长兴路店),长兴路王寨路交叉口50米路西,113.625793,34.81755,13523088331,8：00——22：00
惠济区,50102,四川菜(川菜),辣妹子酸菜鱼豆花鱼,清华园路145-13号楼,113.622433,34.872688,15890636028,8：00——22：00
惠济区,50102,四川菜(川菜),炊大咖湘川小碗菜(惠苑小区店),新城路与天河路交叉口向西260米湘川小碗菜,113.609766,34.871012,18236355328,8：00——22：00
惠济区,50102,四川菜(川菜),麻辣香锅(长虹路),河南体育学院南门旁,113.628663,34.825895,15324936842;18239615436,8：00——22：00
惠济区,50102,四川菜(川菜),湘豫-私厨川菜馆(惠达金苑店),惠达金苑(金达路地铁站B口步行180米),113.67806,34.861367,13017666095,8：00——22：00
惠济区,50102,四川菜(川菜),小四川辣子鸡辣子鸡(丰乐路店),金鹤幼儿园东北门西北60米,113.637293,34.799048,18339948119,7：00——22：00
惠济区,50102,四川菜(川菜),蜀习川乐山跷脚牛肉川菜,新城街道郑州迈普产业园一楼东5号门面房,113.641945,34.869985,15303713175;15637194009,8：00——22：00
惠济区,50102,四川菜(川菜),胖娃川菜馆(岭南路店),大彭庄南街84号,113.551141,34.902184,13526633541,9：00——22：00
惠济区,50102,四川菜(川菜),四川担担面(万科紫台紫瑞苑店),旺佳路万科紫台瑞苑15号楼门面,113.639225,34.884329,13243432253,8：00——22：00
惠济区,50102,四川菜(川菜),川鲜烩家常菜,左岸长醍北1门旁,113.722478,34.873135,13282687172,8：00——22：00
惠济区,50102,四川菜(川菜),重庆老川菜,绿源路东段建业运河上院东80米路南,113.607257,34.887578,15617802998;17703831877,8：00——22：00
惠济区,50102,四川菜(川菜),熙姐老火锅,新城街道正商博悦商业中心2号楼1层108号,113.601377,34.870797,18336913351,8：00——22：00
惠济区,50102,四川菜(川菜),金鑫小四川美食城(桂圆南街店),迎宾路街道英才街11号,113.653553,34.858902,15936244219;15981835061,8：00——22：00
惠济区,50102,四川菜(川菜),四川人家,常庄村指挥部,113.645245,34.900218,15238310022;18837192136,9：00——22：00
惠济区,50102,四川菜(川菜),重庆川菜馆,京水农贸市场北门,113.699791,34.875895,13219251909,8：00——22：00
惠济区,50102,四川菜(川菜),小重庆美食(大河路店),大河路南辅路与贺翔街交叉口西80米,113.747192,34.871245,18271842598,8：00——22：00
惠济区,50102,四川菜(川菜),重庆刘一手火锅(民安北郡店),开元路96号新城街道北郡一期24号楼商业街101号附77号,113.624653,34.868919,18737193898,8：00——22：00
惠济区,50102,四川菜(川菜),四川饭庄,长虹路10-27号,113.629094,34.825699,15039079080;19922082764,8：00——22：00
惠济区,50102,四川菜(川菜),川菜馆(大盘鸡毛血旺酸菜鱼各种炒菜),清华园路与公交路东500米,113.623558,34.875249,16696667935,8：00——22：00
惠济区,50102,四川菜(川菜),四川担担面(坡阳路店),珠江·荣景北门东60米,113.607543,34.845425,13673667528,8：00——22：00
惠济区,50102,四川菜(川菜),我的小目标酸菜鱼,花园温泉洗浴7号,113.663927,34.895897,13525550293,8：00——22：00
惠济区,50102,四川菜(川菜),川奇麻辣香锅(美景欢乐广场店),杏花街美景欢乐广场1号公寓楼底商1-103号商铺,113.644485,34.858541,13298232416,8：00——22：00
惠济区,50102,四川菜(川菜),鱼库烤鱼酸菜鱼(民安北郡2期店),新城路金河路交叉口向南路西,113.628184,34.868877,15093337898;15138960888,8：00——22：00
惠济区,50102,四川菜(川菜),重庆胖哥酸菜鱼(万客隆家具城店),花园口镇万客隆家具城南门,113.687239,34.869634,13598027429;15136283966,8：00——22：00
惠济区,50102,四川菜(川菜),重庆鸡公煲(英才街一楼店),英才街与桂圆南街交叉口向东80米,113.653553,34.859226,13868005148;15290821063,8：00——22：00
惠济区,50102,四川菜(川菜),川玖玖地摊火锅,大河路北辅路与香山路交叉口东200米,113.669441,34.881393,17838339996,8：00——22：00
惠济区,50102,四川菜(川菜),重庆要得小面(珠江荣景店),珠江荣景北2门旁,113.608828,34.84542,15223599763,8：00——22：00
惠济区,50102,四川菜(川菜),重庆鸡公煲(文化路店),文化路与英才街交叉口向南300米路东,113.647668,34.858151,18347416965,8：00——22：00
惠济区,50102,四川菜(川菜),锦升和重庆鸡公煲,迎宾路街道英才街与桂园南街交叉口东2号楼第五间,113.653544,34.859084,18605891176,8：00——22：00
惠济区,50102,四川菜(川菜),重庆小面,文化北路与英才街交叉口向南200米路东,113.647551,34.858459,18695815286,8：00——22：00
惠济区,50102,四川菜(川菜),重庆小面,迎宾办事处金桥路3号楼6号,113.672079,34.874182,13783588002,8：00——22：00
惠济区,50102,四川菜(川菜),重庆小面手工水饺(长虹路店),银河街长虹路南50米路西,113.629141,34.824965,15225152572,8：00——22：00
惠济区,50102,四川菜(川菜),重庆鸡公煲(长虹路店),长虹路1号,113.629098,34.825575,15958432842,8：00——22：00
惠济区,50104,山东菜(鲁菜),鲁山揽锅菜,小彭庄59号,113.555706,34.901301,17303717929,9：00——22：00
惠济区,50104,山东菜(鲁菜),戚记北京烤鸭(逸品香山店),迎宾办事处逸品香山一期北门2号楼4号商铺,113.669369,34.862414,15188377945,8：00——22：00
惠济区,50106,浙江菜,云膳餐厅(艺茂国际仓店),艺茂国际仓D1六楼,113.620002,34.859931,13137040118,8：00——22：00
惠济区,50106,浙江菜,生产队大食堂(裕华美欣店),江山路裕华美欣小区路北,113.619901,34.835838,15093391984;15981965390,8：00——22：00
惠济区,50107,上海菜,同四记,老鸦陈地铁站B出口向东10米,113.616827,34.832262,19903843560,8：00——22：00
惠济区,50108,湖南菜(湘菜),湘约小馆,开元路7号,113.670427,34.867162,19937777211,8：00——22：00
惠济区,50108,湖南菜(湘菜),广瑞湘,文化北路236号1号楼1层117号(齐齐哈尔烤肉隔壁),113.644857,34.858568,19139706830,8：00——22：00
惠济区,50108,湖南菜(湘菜),湘川大盘菜烙馍粥,绿源路15-1号轻工包装楼下,113.573772,34.888373,15838381667,8：00——22：00
惠济区,50109,安徽菜(徽菜),小赵徽菜馆,花园口镇凌庄,113.734819,34.876791,17788161695,8：00——22：00
惠济区,50110,福建菜,闽南小厨(正商·林语溪岸6号院店),金山路与香山路交叉口向东200米路北,113.669435,34.884628,13675995527;13739722687,8：00——22：00
惠济区,50111,北京菜,老北京四和涮锅(御·翠园西区店),迎宾路月季街向西30米路北,113.659194,34.874642,0371-55059770;13526838720,8：00——22：00
惠济区,50111,北京菜,老北京涮羊肉(金河路店),民安·北郡一号院(毛庄地铁站D口步行490米),113.627998,34.869197,15333808321,8：00——22：00
惠济区,50111,北京菜,京城一只鸭北京烤鸭(天地湾店),天地湾·晴苑西门南90米,113.674426,34.860711,13253605797,8：00——22：00
惠济区,50111,北京菜,品意德北京烤鸭(新城路店),民安北郡3期南1门西50米,113.622635,34.870367,15617699098,8：00——22：00
惠济区,50111,北京菜,翟师傅北京烤鸭(花园口店),花园口村社区东门北90米,113.665053,34.898673,13213222050,8：00——22：00
惠济区,50111,北京菜,聚鸭坊北京烤鸭(黄河学府店),滨河路桂圆南街1号学府御园小区门面房南2-1,113.653441,34.857336,15890132753,8：00——22：00
惠济区,50111,北京菜,乾满居烤鸭,长柳路长兴农贸市场,113.623848,34.834928,15738850065,8：00——22：00
惠济区,50111,北京菜,京城一只鸭.北京烤鸭(弓庄店),乐飞街,113.684496,34.867667,15565079828,8：00——22：00
惠济区,50111,北京菜,京师傅北京烤鸭(国基大学城生活园区-西商业楼店),国基大学城生活园区东北门西60米,113.64895,34.859534,15010214112;15378719175,8：00——22：00
惠济区,50111,北京菜,御翠园北京烤鸭(御翠园东区店),御翠园1号楼与3号楼之间商铺B区39号-1,113.660231,34.875098,18031154434;19933162081,8：00——22：00
惠济区,50111,北京菜,北京果木烤鸭,新城路与清华园路向东100米,113.622911,34.869817,16638367978,8：00——22：00
惠济区,50111,北京菜,京豫福鸭北京烤鸭,大河路与田园路交叉口向北五十米,113.663081,34.881717,13949122098,8：00——22：00
惠济区,50111,北京菜,京城一只鸭北京烤鸭(毛庄店),毛庄小区二号院西门旁(毛庄地铁站A口步行240米),113.626581,34.865567,15660773221,8：00——22：00
惠济区,50111,北京菜,老北京旋转小火锅,南阳路裕华文汇185号5号楼20号,113.631584,34.80143,15960216582,8：00——22：00
惠济区,50111,北京菜,京喜鸭·北京烤鸭(花园里店),金达路与田园路交叉口东100米,113.66484,34.862863,18539936593,8：00——22：00
惠济区,50111,北京菜,卤聚客北京烤鸭京城一只鸭(东赵店),东赵社区郑州农商银行对面(东赵地铁站C口步行430米),113.638105,34.880485,13819740353;15639003781,8：00——22：00
惠济区,50111,北京菜,匠心烤鸭北京烤鸭,迎宾路街道英才街滨河市集B06A,113.637388,34.859948,19013927420,8：00——22：00
惠济区,50111,北京菜,赛德北京烤鸭(长虹路店),金蓝湾西门旁,113.629075,34.8253,15838332861,8：00——22：00
惠济区,50111,北京菜,朝思暮想手撕烤鸭,迎宾路街道金达路与银通路交叉口东北角20米,113.671098,34.863084,13526658101,8：00——22：00
惠济区,50111,北京菜,豫记手撕烤鸭(南阳路店),拖厂路一号院7号楼二单元65号门面,113.632003,34.803551,13569157321,8：00——22：00
惠济区,50111,北京菜,全德北京烤鸭,新城路67号,113.625509,34.873286,15290586972,8：00——22：00
惠济区,50111,北京菜,北京烤鸭,新城路与南北大街交叉口东100米,113.600303,34.870739,13213222050,8：00——22：00
惠济区,50111,北京菜,宫酱李老北京炸酱面(惠济区店),新城路惠和苑一号楼7号门面,113.615764,34.870721,18837115966,8：00——22：00
惠济区,50111,北京菜,京味炸酱面(银河路总店),长兴路与银河街交叉口向东20米路南,113.626613,34.825862,13523713073;18103826185,8：00——22：00
惠济区,50111,北京菜,新潮烧烤·铜锅涮,丰乐路与博颂路交叉口西北角,113.630492,34.808741,13938494391,8：00——22：00
惠济区,50112,湖北菜(鄂菜),九头鸟热干面,王屋路98号,113.602592,34.808688,13803833481,8：00——22：00
惠济区,50113,东北菜,百年家和饺子东北私房菜(田园路店),田园路迎宾路交叉口向南五十米路东,113.662987,34.870287,13613827249,8：00——22：00
惠济区,50113,东北菜,肉小胖地摊烤肉(英才街店),文化路英才街交叉口向西100米路北第一层146号-2,113.644975,34.860284,13838517930,8：00——22：00
惠济区,50113,东北菜,万福庄园黄河滩地锅城,丰硕街48号,113.589299,34.899827,18939663187,8：00——22：00
惠济区,50113,东北菜,梨园居炖大鹅,清华园路13号楼附43号,113.622754,34.873035,18037327073,8：00——22：00
惠济区,50113,东北菜,姥姥家的地锅鸡铁锅炖,粮仓路粮食西路南200米路西,113.621263,34.802344,13290905587,8：00——22：00
惠济区,50113,东北菜,东北小院,丰硕街与新城路交叉口西80米,113.587618,34.870735,17538137775,8：00——22：00
惠济区,50113,东北菜,予兄弟干锅香铁锅炖,长兴路国基路西南角(王砦地铁站B口向南步行100米),113.625233,34.818766,19337863088,8：00——22：00
惠济区,50113,东北菜,三兄弟杞县砂锅店,花园口老街,113.66574,34.89624,15903681817,8：00——22：00
惠济区,50113,东北菜,东北饺子手擀面(毛庄小区二号院店),毛庄地铁站A口步行190米,113.628561,34.866416,13213049697;15137148283,8：00——22：00
惠济区,50113,东北菜,沐楠东北烤肉大串,长兴路街道北城花园129号商铺,113.616798,34.839298,15941788988,8：00——22：00
惠济区,50113,东北菜,鑫盛大酒店(古荥甲鱼店),大河路与西四环交叉口东北角,113.530502,34.879753,13503848186,8：00——22：00
惠济区,50113,东北菜,豫A鲜炒鸡,苏屯五号院东北侧,113.622844,34.857253,15803830510,8：00——22：00
惠济区,50113,东北菜,厨匠博炮崩鸡(郑大体院校外店),长虹路9号,113.629111,34.825411,13253505211,8：00——22：00
惠济区,50113,东北菜,陈师傅馍菜汤(丰乐路),王砦小区西区东北门东南80米,113.628963,34.811092,18538310608,8：00——22：00
惠济区,50113,东北菜,豫东大锅菜(怡丰·新都汇2期店),怡丰·新都汇2期9号楼101号小区东北口,113.650142,34.78625,15638460700,7：00——22：00
惠济区,50113,东北菜,豫蚝记,中州大道北四环交叉口东北角大张村中部两岸海鲜港,113.671961,34.887435,18338822342,8：00——22：00
惠济区,50114,云贵菜,一佰零捌片正宗北京,香山路与金桥路交叉口北行100米路西,113.667079,34.875617,13733867505;13838187973,8：00——22：00
惠济区,50114,云贵菜,海底捞火锅(月湖广场店),文创路与月湖南路交叉口向西150米月湖广场1号楼4层海底楼,113.637682,34.869912,0371-89936662;0371-89936663,8：00——22：00
惠济区,50115,西北菜,大盘鸡家常菜(裕园小区店),天河路与古元街向南50米大盘鸡家常菜,113.609424,34.856796,15038031885,8：00——22：00
惠济区,50115,西北菜,美味鲜大盘鸡(惠龙·鸿运花园店),惠龙·鸿运花园西门东南210米,113.58981,34.867866,13838261224,8：00——22：00
惠济区,50115,西北菜,胖虎椒麻鸡(鑫苑逸品香山2期南苑店),迎宾路办事处金达路112号,113.669669,34.862809,16638086805;17638184096,8：00——22：00
惠济区,50115,西北菜,山西油泼面大盘鸡,迎宾路街道开元路创业街1-6,113.657319,34.866187,18636346025;18636346027,8：00——22：00
惠济区,50115,西北菜,黑孩大盘鸡(美景·欢乐广场店),迎宾路街道杏花街麟起城万科商场一号楼一楼113号商铺,113.644477,34.858607,15139199001,8：00——22：00
惠济区,50115,西北菜,西部来客鲜炒大盘鸡(南阳路博颂路店),兴南街177号(兴隆铺地铁站C口步行170米),113.625487,34.806563,15036845101;18638582473,8：00——22：00
惠济区,50115,西北菜,老狼鲜炒大盘鸡(新城路店),新城路博悦商业中心小区1号楼2A单元门牌号102号,113.600357,34.870733,13503456459,8：00——22：00
惠济区,50115,西北菜,家常小炒大盘鸡,中央大道与大河路交叉口北280米,113.736509,34.876847,13213065881,8：00——22：00
惠济区,50115,西北菜,红光大盘鸡(惠龙·鸿运花园店),惠龙·鸿运花园西北门东50米,113.590522,34.870543,15290880090,8：00——22：00
惠济区,50115,西北菜,好再来大盘鸡,师南路与师桐路交叉口西北320米,113.55913,34.865765,15938734316,8：00——22：00
惠济区,50115,西北菜,鲜炒大盘鸡,惠源商务服务中心6号楼一楼19号,113.568469,34.888175,18595890518,8：00——22：00
惠济区,50115,西北菜,鲜炒大盘鸡(珠江荣景店),珠江荣景北2门旁,113.609119,34.845413,13007500740;15038101272,8：00——22：00
惠济区,50115,西北菜,豫三帝瓦罐面大盘鸡(昌建·誉峰店),刘寨街道兴南街177号昌建·誉峰,113.627981,34.805678,19949176913,8：00——22：00
惠济区,50115,西北菜,新疆天然羊肉烧烤(裕华美欣店),长兴路街道长柳路6号裕华美欣,113.620453,34.835495,13899461879,8：00——22：00
惠济区,50115,西北菜,不世功兰州牛肉面(尚购生活广场店),尚购生活广场天明路店东门西北80米,113.650744,34.786784,15729388277,7：00——22：00
惠济区,50115,西北菜,单君山信阳鱼坊,天河路北四环西北角,113.612167,34.880582,13526610959,8：00——22：00
惠济区,50115,西北菜,战记杂面条卤味,三全路与长兴路交叉口西北300米,113.623504,34.833154,15093420810,8：00——22：00
惠济区,50115,西北菜,兰州牛肉拉面,迎宾路街道文化北路与英才街交叉口向东200米,113.645032,34.860271,15684515552,8：00——22：00
惠济区,50115,西北菜,尚瘾·齐齐哈尔烤肉(毛庄小区二号院店),毛庄小区二号院东门西北90米,113.629375,34.866575,13303715628,8：00——22：00
惠济区,50115,西北菜,黄河滩地锅城,大河路街道绿源路与丰硕街西北角48号,113.58817,34.888375,17344893687,8：00——22：00
惠济区,50115,西北菜,南阳新野板面(绿洲花园店),秦岭路1号托斯卡纳楼下路西(北环),113.606857,34.804411,13733190920,8：00——22：00
惠济区,50115,西北菜,乡村小院,天河路和开元路交叉口西北角100米(惠济区地铁口E口对面),113.612192,34.867191,13803862779,8：00——22：00
惠济区,50115,西北菜,沙县小吃(天地湾·佳苑店),迎宾路街道花园路与英才路天地湾佳苑5-157商铺,113.673235,34.862418,19937379591,8：00——22：00
惠济区,50115,西北菜,柳州螺蛳粉(花升螺花园口店),花园口老街与312省道辅路交叉口西北360米,113.664445,34.896079,18803692223,8：00——22：00
惠济区,50115,西北菜,汴梁大汤包(英才街北大学城店),黄河美邸西北门旁(北大学城地铁站A口步行460米),113.651237,34.859526,13137817122,8：00——22：00
惠济区,50115,西北菜,沙县小吃(龙泽文苑店),大河路北辅路与旺佳路交叉口西北100米,113.63809,34.880652,15837187540,8：00——22：00
惠济区,50116,老字号,画宝刚道口烧鸡(三全路旗舰店),三全路与长兴路交汇处向西100米路南,113.623857,34.832335,18336342093;18638530515,8：00——22：00
惠济区,50116,老字号,马家羊肉鲜汤馆(文化路分店),文化北路与滨河路交叉口北120米,113.647701,34.857902,13598827829,8：00——22：00
惠济区,50116,老字号,王记烩面泡馍馆,南阳路156-1号(兴隆铺地铁站A口步行90米),113.628302,34.806922,13503861299;13838008763,8：00——22：00
惠济区,50116,老字号,山西面馆(金桥路店),"银通路与金桥路交叉口向东20米,国税局对面山西面馆",113.671298,34.874178,13213088436,8：00——22：00
惠济区,50116,老字号,卡吉诺(裕华广场店),三全路与长兴路交叉口西北角(省体育中心站C口),113.625432,34.833214,0371-55036198,8：00——22：00
惠济区,50116,老字号,张碗碗原汤手工拉面(惠济万达店),惠济万达4楼4021(迎宾路街道开元路惠济万达四层4021),113.63692,34.868867,19137183158;19339926628,8：00——22：00
惠济区,50116,老字号,画宝刚道口烧鸡(迎宾路店),御翠园东区南门西100米,113.660296,34.874614,15639927727,8：00——22：00
惠济区,50116,老字号,卡吉诺(正弘智空间店),花园路英才街东100米路北,113.682621,34.860441,0371-63377276,8：00——22：00
惠济区,50116,老字号,山西老面馆(新城路),新城街道新城路毛庄社区南门向西50米4一5,113.624404,34.870212,15296701211;18539425652,8：00——22：00
惠济区,50116,老字号,老孙家信阳私房菜(绿城苑店),绿城苑北门旁(老鸦陈地铁站A口步行340米),113.621141,34.832516,13271563925;17603852088,8：00——22：00
惠济区,50116,老字号,王嘉宝老味砂锅,迎宾路街道碧源月湖商业中心二区3号楼149号商铺,113.636557,34.870062,18736008673,8：00——22：00
惠济区,50116,老字号,老汉口热干面肉拌面,长兴路银河街路口西南角,113.625524,34.826016,13783453681,8：00——22：00
惠济区,50116,老字号,五香卤肉坊,长兴路宏达路北100米路西,113.625852,34.825054,13613841488;13803842727,8：00——22：00
惠济区,50116,老字号,明福塔道口烧鸡老辅,杏花街美景麟起城一号院东门南边商铺12-104,113.643951,34.85508,17339657270,8：00——22：00
惠济区,50116,老字号,红诚茶舍(水境·怡园店),迎宾路水境怡园,113.663357,34.870806,18637187879,8：00——22：00
惠济区,50117,火锅店,海底捞火锅(美景欢乐广场·生日主题店),英才街与文化北路交叉口西南角美景欢乐广场6层,113.645147,34.85876,0371-65329910;0371-65329920,8：00——22：00
惠济区,50117,火锅店,倾豫广顺源猪肚鸡,英才街19号中原桂冠小区1号楼1楼,113.671769,34.86024,0371-53666368,8：00——22：00
惠济区,50117,火锅店,广福發老广打边炉,迎宾路与银通路交叉口向南200米路西,113.670676,34.869981,0371-66216888;13271560677,8：00——22：00
惠济区,50117,火锅店,芳竹园火锅(郑州惠济万达),开元路68号万达广场(惠济店)F5-5011,113.636049,34.86895,0371-60911557,8：00——22：00
惠济区,50117,火锅店,小郡肝串串(大学城旗舰店),新青年小区西门旁(北大学城地铁站A口步行50米),113.647385,34.85892,13213192121,8：00——22：00
惠济区,50117,火锅店,巴奴毛肚火锅(惠济万达店),开元路万达广场五楼5001-5002-5003,113.635165,34.868524,0371-55195577,8：00——22：00
惠济区,50117,火锅店,鮑富强老火锅(裕华文汇店),南阳路185号裕华文汇门口,113.631502,34.801613,17737162727,8：00——22：00
惠济区,50117,火锅店,锅大侠市集火锅(惠济万达店),开元路68号万达广场(郑州惠济店)5F层5025,113.638079,34.868877,0371-88950909,8：00——22：00
惠济区,50117,火锅店,熊喵来了火锅(郑州惠济万达店),万达广场4楼4031-4032B,113.637875,34.868775,0371-65018676;13027753023,8：00——22：00
惠济区,50117,火锅店,吾家三喜自助小火锅(惠济万达),万达广场5楼5062B,113.635936,34.86875,18624937378,8：00——22：00
惠济区,50117,火锅店,豆捞坊·鲜牛肉火锅(惠济万达店),开元路68号万达广场(郑州惠济店)5楼,113.636149,34.868679,19036916530,8：00——22：00
惠济区,50117,火锅店,品江红串串香(兴隆铺路店),兴隆铺路与南阳路交叉口东150米,113.628867,34.810164,15890069695,8：00——22：00
惠济区,50117,火锅店,串串李串串香(南阳路店),惠济区南阳路与兴隆铺路交叉口向东50米路南,113.627009,34.809265,17324823208;18703875586,8：00——22：00
惠济区,50117,火锅店,我的小板凳街坊火锅(金杯路店),国基路与金杯路交叉口西北角,113.630175,34.819938,19937786752,8：00——22：00
惠济区,50117,火锅店,坎爷火锅(北郡店),新城路80-8,113.622232,34.870363,0371-56665999;15515555418,8：00——22：00
惠济区,50117,火锅店,佰人王串串香火锅直营店(南阳路店),南阳路心语雅园西1门旁(兴隆铺地铁站C口步行250米),113.626865,34.808945,0371-62987435;17319721158,8：00——22：00
惠济区,50117,火锅店,齐祺渔锅(丰乐路店),建业壹号城邦附1号2-2层105,113.632431,34.806134,0371-86566169;15890616828,8：00——22：00
惠济区,50117,火锅店,王婆大虾(丰乐店),建业·壹号城邦东北2门旁,113.632064,34.806625,15639902376;18637162284,8：00——22：00
惠济区,50117,火锅店,福上锅自助旋转小火锅(北大学城店),杏花街(北大学城地铁站B口步行280米),113.64448,34.858515,15290408089,8：00——22：00
惠济区,50117,火锅店,火锅粉(国基大学城生活园区店),英才街国基大学城生活园区内,113.649468,34.859082,15038136518;18203975797,8：00——22：00
惠济区,50117,火锅店,许府牛火锅(美景·欢乐广场店),迎宾路街道文化路北路与英才路交叉口美景欢乐广场5层5号,113.645491,34.85876,15039050930,8：00——22：00
惠济区,50117,火锅店,西川巷子市井火锅,金杯路与银河街交叉口向南20米路西,113.630754,34.82561,18530891950,8：00——22：00
惠济区,50117,火锅店,王婆大虾(生产路店),生产路与天明路交叉口向西150米路南怡丰新都汇3号商铺8,113.6495,34.784865,13633827274,7：00——22：00
惠济区,50117,火锅店,赖小花自助小火锅(惠济万达店),开元路68号万达广场(郑州惠济店)4F层4023,113.637188,34.868914,15517182677,8：00——22：00
惠济区,50117,火锅店,许府牛火锅(金达福都广场店),福都广场(金达店),113.687498,34.863802,13656702634,8：00——22：00
惠济区,50117,火锅店,纵享鲜牧铜锅涮肉,江山路121号(老鸦陈地铁站D口步行330米),113.620121,34.834347,13103818232,8：00——22：00
惠济区,50117,火锅店,合顺坊铜锅涮(下坡杨榆花苑社区店),纪元路8号,113.607027,34.850443,16638237111,8：00——22：00
惠济区,50117,火锅店,潮喜旺鲜牛肉火锅(惠济万达店),万达广场5楼最西侧5003商铺,113.63532,34.868495,13503853182,8：00——22：00
惠济区,50117,火锅店,王婆大虾,迎宾路办事处开美景万科广场5层.9a号商铺,113.645622,34.858561,0371-53673336;15838530139;17513116333,8：00——22：00
惠济区,50117,火锅店,潮汕记生鲜牛肉火锅(兴隆铺清真店),南阳路兴隆铺路交叉口西南角,113.625908,34.808853,0371-85229999,8：00——22：00
惠济区,50117,火锅店,辣炮泡鱼蛙火锅馆,新城街道办事处民安北郡31号楼110号-2号,113.624463,34.869724,13937175524;15565022322,8：00——22：00
惠济区,50117,火锅店,王婆大虾(开元路店),毛庄小区二号院东门旁(毛庄地铁站A口步行350米),113.629746,34.86611,15890108872,8：00——22：00
惠济区,50117,火锅店,许府牛火锅(裕华广场店),4楼8007B许府牛,113.624805,34.83325,15869089378,8：00——22：00
惠济区,50117,火锅店,牛梦原真不同涮牛肚(大河路店),北四环与田园路交叉口西北角马庄附95号,113.661334,34.881293,18037147909,8：00——22：00
惠济区,50117,火锅店,川小哥·鲜烧牛肉锅,美景欢乐广场负一层(福鲜生超市入口),113.645487,34.858951,13253562993;18951800900,8：00——22：00
惠济区,50117,火锅店,京顺斋烧烤涮肉店,新城街道清华园路145号3号楼1-2层附13号,113.622267,34.870735,15378712866,8：00——22：00
惠济区,50117,火锅店,千渝生态小火锅,英才街与桂圆南街交叉口西北角中州大学旅游实训楼一楼A17,113.651584,34.859876,15093110921;18039108810,8：00——22：00
惠济区,50117,火锅店,兄弟涮锅(古荥店),大河路古荥镇古荥村委会向东20米路北,113.541978,34.879097,17737719289,8：00——22：00
惠济区,50117,火锅店,郑当年火锅(北大学城店),英才街与桂圆南街交叉口西北角,113.653135,34.860108,16638103651;18860391897,8：00——22：00
惠济区,50117,火锅店,串串李串串香(江山路店),桂花苑南门东100米,113.608771,34.846216,15838055553,8：00——22：00
惠济区,50117,火锅店,聚又发鲜烧火锅(正商·林语溪岸店),林语溪岸1号院1楼104商铺,113.663459,34.881457,17836902717,8：00——22：00
惠济区,50117,火锅店,冉老二羊蝎子火锅鸡烧烤(北环店),绿洲花园1号院西2门西北80米,113.602302,34.804976,17503828123,8：00——22：00
惠济区,50117,火锅店,围辣旋转小火锅(正弘智空间店),正弘智空间,113.682035,34.860484,18937636199,8：00——22：00
惠济区,50117,火锅店,京味涮肉坊(思念果岭桃园餐厅店),思念果岭国际社区大观会议中心东侧二楼,113.530886,34.912369,15617710002,9：00——22：00
惠济区,50117,火锅店,功夫客鲜炒鸡椰子鸡,惠达金苑西门南70米(金达路地铁站B口步行260米),113.677208,34.861236,18838061688,8：00——22：00
惠济区,50117,火锅店,王婆大虾(长柳路店),长柳路6-25号,113.620562,34.835501,15037410449;18737139627,8：00——22：00
惠济区,50117,火锅店,今香誉串串香(昌建·誉峰店),南阳路177号9号楼103商品昌建誉峰北门,113.626539,34.806958,13526860929,8：00——22：00
惠济区,50117,火锅店,武记碳锅鱼碳锅鸡(长柳路店),长兴路39号(省体育中心地铁站E口步行310米),113.623625,34.835157,18339888962,8：00——22：00
惠济区,50117,火锅店,金牌串串香,丰乐路与宋寨南街交叉口向北50米路东,113.635481,34.802108,13283953795,8：00——22：00
惠济区,50117,火锅店,YK秘制火锅鸡,大河路与西四环辅路交叉口东60米,113.530682,34.879463,18537185543,8：00——22：00
惠济区,50117,火锅店,李吃吃(开元路店),木马嘉苑壹号院南2门西100米,113.636697,34.864593,15738331192,8：00——22：00
惠济区,50117,火锅店,老味道串串香,郑州市科技工业学校西门旁,113.634866,34.802785,13673395361,8：00——22：00
惠济区,50117,火锅店,清真·京途鲜羊涮·羊蝎子(绿源路店),郑州市轻工包装纸箱有限公司绿源路东北门旁,113.574667,34.888328,13624380143,8：00——22：00
惠济区,50117,火锅店,闫三妮串串香(毛庄二号院西门),新城街道毛庄二号小区西门2-43号,113.626572,34.86579,17752522859,8：00——22：00
惠济区,50117,火锅店,旋转小火锅(大彭庄店),古荥镇大彭庄,113.551748,34.902285,13213099319,9：00——22：00
惠济区,50117,火锅店,小牛班布羊蝎子牛排锅,英才街149号(北大学城地铁站C口步行360米),113.642198,34.859743,17731481234,8：00——22：00
惠济区,50117,火锅店,牛柒品鲜切牛肉自助,新城路与金杯北路交叉口东北20米,113.625762,34.870125,13598035886,8：00——22：00
惠济区,50117,火锅店,闫三妮串串香(惠源商务B座店),绿源路惠源商务B座1-01,113.570154,34.888329,17752522859,8：00——22：00
惠济区,50117,火锅店,隐市围炉煮串,嵩山北路135号,113.609801,34.802578,15737163316,8：00——22：00
惠济区,50117,火锅店,徐府锅中捞·自助回旋火锅(裕华广场店),三全路裕华广场4楼(省体育中心地铁站C口步行90米),113.624825,34.833225,18595781900,8：00——22：00
惠济区,50117,火锅店,佰年王婆大虾,裕华第九城1号楼102,113.625511,34.831997,15239588951,8：00——22：00
惠济区,50117,火锅店,四季旋转小火锅店,南阳路与兴隆铺路交叉口向东30m路南,113.627087,34.809286,18039101189,8：00——22：00
惠济区,50117,火锅店,遇见红唇旋转小火锅(璀璨天城店),长兴街绿地璀璨天城商业街152号,113.619382,34.814569,15037480592,8：00——22：00
惠济区,50117,火锅店,李吒吒涮牛肚|新派火锅,新城街道开元人才公寓8号楼101商铺,113.637622,34.878224,16696666060,8：00——22：00
惠济区,50117,火锅店,家祥信阳热干面,正弘智空间a座108(金达路地铁站A口步行440米),113.682268,34.860545,15890021897,8：00——22：00
惠济区,50117,火锅店,闫三妮串串香(贾河家店),新城路,113.599763,34.87051,17274627156;17752522859,8：00——22：00
惠济区,50117,火锅店,闫妮串串香(桂花苑店),老鸦陈街道坡阳路,113.60751,34.846188,17326242825,8：00——22：00
惠济区,50117,火锅店,二当家串串香(2寨),金桥路36号,113.660303,34.874282,13837407989,8：00——22：00
惠济区,50117,火锅店,辣忆锅旋转自助小火锅(兴隆铺店),兴隆铺路心语雅园3号楼4号商铺东4户,113.627388,34.80955,15514560686,8：00——22：00
惠济区,50117,火锅店,炎记麻辣烫大河路北辅路店(大河路北辅路店),大河路北辅路与园田路交叉口向西80米路北,113.661853,34.881254,15036188433,8：00——22：00
惠济区,50117,火锅店,红辣椒串串香,古荥镇大河路古须路,113.533706,34.879005,13523483856,8：00——22：00
惠济区,50117,火锅店,遇见红唇旋转小火锅(金达路店),金达路6-39(金达路地铁站B口步行400米),113.673759,34.8624,15890699563,8：00——22：00
惠济区,50117,火锅店,原北门串串(毛庄惠文社区金馨苑店),新城街道公交路金鑫园小区门面房4号,113.625973,34.874868,13472438157,8：00——22：00
惠济区,50117,火锅店,巷子口串串香(天明路店),怡丰·新都汇2期东南门东北100米,113.650723,34.785887,13733158135,7：00——22：00
惠济区,50117,火锅店,果岭北京涮锅,邙岭大道与付古线交叉口西南220米,113.531234,34.913207,13939025616,9：00——22：00
惠济区,50117,火锅店,三好海之隆火锅牛羊肉,绿源路中原水产物流港外围2-1-21,113.572216,34.889193,19503879930,8：00——22：00
惠济区,50117,火锅店,任大姐串串香,北四环111号靠近古荥镇卫生院,113.533941,34.879009,15036035729,8：00——22：00
惠济区,50117,火锅店,闫三妮串串香(苏屯店),苏屯5号院向北20米,113.623002,34.856576,17752522859,8：00——22：00
惠济区,50117,火锅店,二当家串串香东赵总店,大河路208号(东赵地铁站C口步行310米),113.639078,34.880107,13323829732,8：00——22：00
惠济区,50117,火锅店,叔叔螺蛳粉螺火锅,中海湖滨世家·怡然苑(东赵地铁站B口步行430米),113.639122,34.878104,18439892806,8：00——22：00
惠济区,50117,火锅店,豫金香骨汤串串香(谦祥·兴隆城嘉园店),兴隆铺路嘉园嘉园二号楼15号,113.618303,34.805682,15244636679,8：00——22：00
惠济区,50117,火锅店,奇豫火锅旋转小火锅,新城街道毛庄老小区南大门西侧康体楼一楼3号商铺,113.624606,34.870226,17700609982,8：00——22：00
惠济区,50117,火锅店,马路边烧烤野火锅,大河路24排,113.692273,34.875942,13733877837,8：00——22：00
惠济区,50117,火锅店,老北京串串香香,京水大社区东路北,113.701952,34.873173,15936739605,8：00——22：00
惠济区,50117,火锅店,田记串串香(田河店),田河村36号附2号,113.743921,34.871431,18703977958,8：00——22：00
惠济区,50117,火锅店,9毛串串香,文化路英才街国基大学城生活园区,113.649925,34.859312,13598442906,8：00——22：00
惠济区,50117,火锅店,新疆阿达西美味羊肉串烧烤羊肉火锅店,长虹路宏达街交叉口东北角,113.629359,34.823611,19990244094,8：00——22：00
惠济区,50117,火锅店,俏中凤地摊火锅烧烤,中基都市春天8号楼一楼112号,113.630403,34.8083,15188311966;15838059969;17838188424,8：00——22：00
惠济区,50117,火锅店,优食串串香,金蓝湾西门西北60米,113.629076,34.825471,15810382962,8：00——22：00
惠济区,50117,火锅店,二当家串串香,绿源路与天轩街向北10米路西,113.606392,34.888126,18236838803,8：00——22：00
惠济区,50117,火锅店,常鑫源铜锅涮(烧烤)(长兴苑店),西山路路口2号(长兴苑对面),113.542834,34.909514,15639001317,9：00——22：00
惠济区,50117,火锅店,水煮羊肉内蒙羔羊,岭军峪花园二号院北门西100米,113.527354,34.902764,18937759408,9：00——22：00
惠济区,50117,火锅店,涮货重庆老火锅,月季街18号附20号,113.659653,34.876602,13103713528,8：00——22：00
惠济区,50117,火锅店,熊大野火锅,英才街97-1,113.654731,34.859538,18538253845,8：00——22：00
惠济区,50117,火锅店,小凤地摊野火锅,天河路125号,113.606744,34.889052,18530987554,8：00——22：00
惠济区,50117,火锅店,签人王串串香惠济万达店,木马嘉苑东街(黄河迎宾馆地铁站C口步行400米),113.640983,34.866093,15902153336,8：00——22：00
惠济区,50117,火锅店,小虎串串香,花园口镇京水村12组社区,113.699398,34.87355,13937433770,8：00——22：00
惠济区,50117,火锅店,凤鸣小巷火锅馆,长兴路街道郑州市长柳路6号4号楼一层商3号,113.619798,34.836036,13837567181,8：00——22：00
惠济区,50117,火锅店,醉酒当歌.围炉串串,南阳路192号4号楼105,113.629312,34.799283,15538179965,7：00——22：00
惠济区,50117,火锅店,火锅食库,江山路信基冻品大世界交易大厅西门正对面139号,113.606608,34.833602,17335577999;18039973977,8：00——22：00
惠济区,50117,火锅店,弘吉火锅集市,南阳路177号昌建誉峰6号楼1楼114号门面,113.626026,34.806733,15837142873,8：00——22：00
惠济区,50117,火锅店,老式吉火锅(英才街店),文化路英才街交叉口向西150米路南郑北商城2号楼2层,113.642364,34.859764,0371-63335765;13903830506,8：00——22：00
惠济区,50117,火锅店,八堡火锅城,八堡汽配城西200米,113.746122,34.870919,15537444499,8：00——22：00
惠济区,50117,火锅店,于洋串串香麻辣烫,长兴路街道金杯路老鸦陈安置区一期32号,113.633018,34.829108,13781732323,8：00——22：00
惠济区,50117,火锅店,老式铜锅涮肥羊火锅,田园路101号,113.66289,34.879917,15238058263,8：00——22：00
惠济区,50117,火锅店,尚川锦·火锅冒菜(美景·欢乐广场店),文化北路236号美景·欢乐广场F2层,113.645507,34.858378,19937070092;19939132052,8：00——22：00
惠济区,50117,火锅店,味道郑骨汤串串香(都市庭院店),兴南街都市庭院一楼门面(兴隆铺地铁站A口步行250米),113.626904,34.805023,17513287801,8：00——22：00
惠济区,50118,特色/地方风味餐厅,邢中原杂面条(开元路店),新城办事处毛庄社区2院18号楼1层2号,113.62963,34.866344,15515575353,8：00——22：00
惠济区,50118,特色/地方风味餐厅,英雄烤肉,江山路与大河路交叉口向北200米路东,113.57221,34.883572,13253499666;15037139388,8：00——22：00
惠济区,50118,特色/地方风味餐厅,郑喜旺烧烤(月湖广场店),迎宾路街道月湖广场2栋2-101号,113.637986,34.870695,15317507031,8：00——22：00
惠济区,50118,特色/地方风味餐厅,李军力烧烤(英才街店),英才街桂圆南街西50米路北文津博雅酒店,113.651669,34.859999,0371-88915987,8：00——22：00
惠济区,50118,特色/地方风味餐厅,灶连灶秘制地锅鸡(花园口老街店),黄古线黄河花园口旅游区南100米路西,113.665724,34.903632,19803824468,9：00——22：00
惠济区,50118,特色/地方风味餐厅,寨河烧烤·老信阳砂锅,滨河路与桂圆南街交叉口往西100米路北,113.652045,34.857146,15225054990,8：00——22：00
惠济区,50118,特色/地方风味餐厅,博爱丸子汤,桂圆南街与英才街交叉口东南80米,113.653572,34.85898,15838976230,8：00——22：00
惠济区,50118,特色/地方风味餐厅,过把瘾烧烤,花园口黄古线,113.665678,34.89551,17181749990,8：00——22：00
惠济区,50118,特色/地方风味餐厅,灶连灶秘制地锅柴鸡(银通路店),天马商务西门北50米,113.671126,34.863919,0371-55373258;13613832390,8：00——22：00
惠济区,50118,特色/地方风味餐厅,马记特色羊杂汤(天地湾·晴苑店),金达路茂源街红绿灯东南角,113.674475,34.86231,18695868216,8：00——22：00
惠济区,50118,特色/地方风味餐厅,醉鱼轩烤鱼(金达福都广场店),福都广场(金达店),113.687568,34.863902,13526620241,8：00——22：00
惠济区,50118,特色/地方风味餐厅,贵香园啤酒鸭(岭南路店),,113.55135,34.901945,16603807581,9：00——22：00
惠济区,50118,特色/地方风味餐厅,徐记全羊鲜汤砂锅烧烤,绿源路建业运河上院幼儿园,113.602883,34.887176,18614980030,8：00——22：00
惠济区,50118,特色/地方风味餐厅,虢宝羊肉汤馆(桂花苑店),江山路与坡阳路交汇处向东150米路北,113.606788,34.846229,17703866816,8：00——22：00
惠济区,50118,特色/地方风味餐厅,阿东烧烤(裕园小区店),阿东烧烤,113.611537,34.858018,13949069311,8：00——22：00
惠济区,50118,特色/地方风味餐厅,周师傅手工烩面鲜炒鸡,公交路,113.623272,34.87528,15890052263,8：00——22：00
惠济区,50118,特色/地方风味餐厅,杨国福麻辣烫(惠济区新成路店),民安北郡3期南1门西南90米,113.622477,34.869832,18530086676,8：00——22：00
惠济区,50118,特色/地方风味餐厅,沙县小吃(新城路店),新城街道丰乐家坊城大门东5号,113.624261,34.870219,18739923325,8：00——22：00
惠济区,50118,特色/地方风味餐厅,名府大汤包(民安北郡1期店),新城办事处北郡31号商业房108号附68号,113.624323,34.869781,15978417897,8：00——22：00
惠济区,50118,特色/地方风味餐厅,新疆美味羊肉串烧烤店,新城街道金河路122-3正西方向130米毛庄小区二号院,113.626683,34.866015,19937654060,8：00——22：00
惠济区,50118,特色/地方风味餐厅,李记臊子面(毛庄店),金河路与开元路交叉口西南角50米,113.629375,34.866606,18039272535,8：00——22：00
惠济区,50118,特色/地方风味餐厅,沙县小吃(长兴路店),新希望·澳园南门东70米,113.625057,34.83512,15838106810,8：00——22：00
惠济区,50118,特色/地方风味餐厅,老三烧烤(月湖南路店),月湖南路与假日西路交叉口东140米,113.636175,34.871025,13673591995,8：00——22：00
惠济区,50118,特色/地方风味餐厅,老张烧烤,常青路与银河街交叉口西50米,113.62297,34.826024,15188399358,8：00——22：00
惠济区,50118,特色/地方风味餐厅,袁记云饺(裕华广场小区店),三全路与长兴路交叉口向北150米路西侧,113.625427,34.834038,15617713883,8：00——22：00
惠济区,50118,特色/地方风味餐厅,合豐馬坡烧烤-牛肚王-铁板烧(1123店),长兴路街道长青路银河街长交叉口南20米23号,113.623716,34.82582,18039273111,8：00——22：00
惠济区,50118,特色/地方风味餐厅,辣妹米线(常青路店),常青路5号常青路农贸市场东4号商铺,113.623692,34.824577,13849111468;18937163358,8：00——22：00
惠济区,50118,特色/地方风味餐厅,鑫禧饺子馆,王砦新安置区2号楼北商业街1-122,113.623688,34.816946,15838264497,8：00——22：00
惠济区,50118,特色/地方风味餐厅,陶陶饺子馆(宏达小区店),长兴路与宏达路交叉口东200米路北,113.628256,34.823487,15138666838,8：00——22：00
惠济区,50118,特色/地方风味餐厅,西施胡鸡汤馄饨(博颂路店),南阳路博颂路向西50米路南,113.626431,34.806911,19953246547,8：00——22：00
惠济区,50118,特色/地方风味餐厅,郑州烤鸭店(南阳路店),南阳路174号(兴隆铺地铁站C口步行110米),113.627132,34.807678,0371-55955918,8：00——22：00
惠济区,50118,特色/地方风味餐厅,沙县小吃(兴隆铺路店),兴隆铺路丰乐路交叉路口向西二十米路北,113.628817,34.810475,15703880560,8：00——22：00
惠济区,50118,特色/地方风味餐厅,东北扎堆儿烧烤(王砦小区东区店),丰乐路与兴隆铺路交叉口,113.629927,34.811009,15537191349,8：00——22：00
惠济区,50118,特色/地方风味餐厅,乡田居饺子馆(丰乐店),丰乐路与兴隆铺路交叉口向南100米路西,113.629737,34.809995,0371-56005910;13673656392;18503891709,8：00——22：00
惠济区,50118,特色/地方风味餐厅,洛阳古城涮牛肚(兴隆铺路店),刘寨街道丰乐路与兴隆铺路交叉口向东50路南,113.630083,34.810758,15515570270,8：00——22：00
惠济区,50118,特色/地方风味餐厅,袁记云饺(北大学城店),英才街国基大学城12号楼1号楼121-10,113.648972,34.859638,13939001437,8：00——22：00
惠济区,50118,特色/地方风味餐厅,裕八方铁锅焖面内蒙烧烤(南阳路店),南阳路136号院,113.631643,34.802167,13623827080;15729368460,8：00——22：00
惠济区,50118,特色/地方风味餐厅,杨国福麻辣烫(英才街店),英才街50号1号楼104,113.649357,34.859438,18638623869,8：00——22：00
惠济区,50118,特色/地方风味餐厅,沙县小吃(丰乐路店),刘寨街道宋寨南街丰乐家纺城大门东5号,113.634353,34.801355,18050803717,8：00——22：00
惠济区,50118,特色/地方风味餐厅,郑喜旺烧烤(北大学城店),文化路与滨河路交叉口向东300米路北,113.652451,34.857147,13183001873,8：00——22：00
惠济区,50118,特色/地方风味餐厅,韩磊东北大碗麻辣烫(惠济店),田园路与开元路交叉口向南50米路东,113.662856,34.865259,17344886985,8：00——22：00
惠济区,50118,特色/地方风味餐厅,屯妹儿东北麻辣烫,怡丰新都汇2期9号10楼间商业1层101号,113.650586,34.786064,13735433301,7：00——22：00
惠济区,50118,特色/地方风味餐厅,惠济区阿伟铁板烧(天地湾·晴苑店),天地湾·晴苑北门西南90米,113.674445,34.862181,15238627858,8：00——22：00
惠济区,50118,特色/地方风味餐厅,箕城锅师傅锅贴水饺馄饨店,裕华美欣4号楼1层6号商铺,113.619906,34.836089,18503891899,8：00——22：00
惠济区,50118,特色/地方风味餐厅,鑫源蜀香鲜鱼莊,开元美寓人才公寓5号楼102商铺北四环文化北路交叉口向西200米路南,113.640175,34.878225,15225512887,8：00——22：00
惠济区,50118,特色/地方风味餐厅,沙县小吃(金桥路店),花园口镇南阳路生产路1号,113.672165,34.874193,13783588002,8：00——22：00
惠济区,50118,特色/地方风味餐厅,丰乐农庄-烧烤吧(郑州黄河谷温泉酒店店),绿色中原路丰乐农庄内(东南角),113.562225,34.916225,0371-63773213,9：00——22：00
惠济区,50118,特色/地方风味餐厅,西华县逍遥镇胡辣汤豆沫馆(常青路店),常青路6号(王砦地铁站B口步行370米),113.623884,34.821543,15136210361,8：00——22：00
惠济区,50118,特色/地方风味餐厅,沙县小吃(裕园小区店),天河路32号欲园小区14号楼,113.610834,34.8578,13663839646,8：00——22：00
惠济区,50118,特色/地方风味餐厅,盛源祥烩面烧烤海鲜,滨河路与天河路交叉口西80米,113.610394,34.850162,13213100597,8：00——22：00
惠济区,50119,海鲜酒楼,山海盟海鲜烤肉自助餐厅(惠济万达店),万达广场4楼,113.635342,34.869006,0371-55508098,8：00——22：00
惠济区,50119,海鲜酒楼,信阳小伟渔家饭店,花园口镇花园路与索须河南岸交叉口向西400米路南,113.665275,34.889511,17320101339,8：00——22：00
惠济区,50119,海鲜酒楼,老二海鲜烧烤(怡丰·新都汇2期店),丰乐路与生产路交叉口向东10米路北,113.649283,34.785099,15981939449,7：00——22：00
惠济区,50119,海鲜酒楼,大富蚝海鲜(怡丰·新都汇1期店),,113.648846,34.784572,15324815481,7：00——22：00
惠济区,50119,海鲜酒楼,野生鲤鱼渔家乐(黄河桥村九组新区店),黄河桥村姚头构,113.531383,34.947221,13526701576,9：00——22：00
惠济区,50119,海鲜酒楼,阿筱哥干锅鸭香辣大虾(郑州财经学院店),科技路杜庄新苑壹号院向西五十米,113.60333,34.859706,15938795520,8：00——22：00
惠济区,50119,海鲜酒楼,信阳渔家(丽景庄园店),花园口村大堤路依水庄园B1,113.654689,34.903654,15137122833,9：00——22：00
惠济区,50119,海鲜酒楼,同盟海鲜,长兴路街道信基调味食品城冻品10区20A5号,113.608068,34.83452,13333853931,8：00——22：00
惠济区,50119,海鲜酒楼,炒面馆,新城路群众艺术中心对面,113.616661,34.870647,13373765560,8：00——22：00
惠济区,50119,海鲜酒楼,刘小厨手工饺子馆,大河路街道岗李村57号,113.615668,34.897546,13027798662,8：00——22：00
惠济区,50119,海鲜酒楼,刘记醋闷鸡海鲜烧烤,纪元路苏屯六号院向北30米路东,113.623032,34.856116,19939910561,8：00——22：00
惠济区,50119,海鲜酒楼,口福大虾(金桥路店),金桥路与银通路交叉口东40米,113.671405,34.874184,15515848817,8：00——22：00
惠济区,50119,海鲜酒楼,老王海鲜烧烤,花园口镇花园口老街花园口村委会南门斜对面,113.664948,34.895942,13323830363,8：00——22：00
惠济区,50119,海鲜酒楼,粤泰海参,中州大道与花园口立交交叉口东北160米,113.671674,34.886117,15638183855,8：00——22：00
惠济区,50119,海鲜酒楼,岭味海鲜楼,绿源路8号中原水产物流港大厅4楼,113.574919,34.889105,17778776777,8：00——22：00
惠济区,50119,海鲜酒楼,海吉港虾滑工厂直营店,中原水产物流港一期9号楼11号海吉港虾滑,113.575418,34.889504,15294645767,8：00——22：00
惠济区,50119,海鲜酒楼,新阳光海鲜,花园口立交与中州大道交叉口东240米,113.67226,34.887316,15937120592,8：00——22：00
惠济区,50119,海鲜酒楼,王光海鲜,花园口立交与中州大道交叉口东240米,113.672208,34.887443,13938521022,8：00——22：00
惠济区,50119,海鲜酒楼,良德源鲜甜虾滑郑州店,中原水产物流港8-1-05号,113.573925,34.889207,18838051708,8：00——22：00
惠济区,50119,海鲜酒楼,杨尚海鲜,花园口立交与中州大道交叉口东200米,113.671747,34.887527,15136152638,8：00——22：00
惠济区,50119,海鲜酒楼,新泉鸿海鲜,花园口立交与中州大道交叉口东160米,113.671418,34.887281,15937166668,8：00——22：00
惠济区,50119,海鲜酒楼,云福海鲜,花园口立交与中州大道交叉口东260米,113.672342,34.887412,15838232009;19937618608,8：00——22：00
惠济区,50119,海鲜酒楼,姜胖胖无限自助烤肉,迎宾路街道惠济万达广场5层5026铺,113.63784,34.868797,17737272923;19138111906,8：00——22：00
惠济区,50119,海鲜酒楼,昕时器云南蒸汽石锅鱼(长兴大厦A座店),长兴大厦A座(王砦地铁站A口步行200米),113.625737,34.817619,18836611968,8：00——22：00
惠济区,50119,海鲜酒楼,吮指吮味龙虾烧烤弘润店,丰乐路96号弘润华夏大酒店二座7楼空中花园,113.632923,34.804127,18937105588,8：00——22：00
惠济区,50119,海鲜酒楼,华惠记两道菜红烧大鲤鱼麻辣虾尾,金达路与银通路交叉口往北100米路东,113.671211,34.863331,17698285885,8：00——22：00
惠济区,50119,海鲜酒楼,王掌柜炒柴鸡大鱼头,迎宾路街道金桥路与银通路交叉口东南角炒柴鸡大鱼头,113.671212,34.874195,18039202258,8：00——22：00
惠济区,50119,海鲜酒楼,邓北王炒鸡虾尾烧烤(正商贾河家园一号院店),新城街道贾河家园一号院8号楼商铺,113.597036,34.868437,17106160555,8：00——22：00
惠济区,50119,海鲜酒楼,海鑫三文鱼,中部两岸海鲜物流园A6-323,113.672322,34.887221,13298125158;13393719662,8：00——22：00
惠济区,50119,海鲜酒楼,粤芯點食品,中部两岸海鲜市场北出口8号铺,113.670704,34.887633,13783639201,8：00——22：00
惠济区,50119,海鲜酒楼,吕记酸菜鱼,江山路孙庄村,113.544366,34.917026,15939032878,9：00——22：00
惠济区,50119,海鲜酒楼,邵留义砂锅黄河鲤鱼,惠民路92号,113.632944,34.899581,13525588959,8：00——22：00
惠济区,50119,海鲜酒楼,川香大盘鸡·虾尾(怡丰·新都汇2期店),天明路54号附1号西南60米,113.649992,34.786302,13140156292;17729770590,7：00——22：00
惠济区,50119,海鲜酒楼,小宝龙虾王(王砦小区东区店),中海锦榭华庭北1门旁,113.630008,34.810766,15515570270,8：00——22：00
惠济区,50119,海鲜酒楼,马记烩面碳锅鱼,长兴路街道银河路与长兴路交叉口,113.625534,34.825918,15737192951,8：00——22：00
惠济区,50119,海鲜酒楼,小马中西餐特色菜行,中部两岸海鲜市场B3-55,113.674615,34.886316,18638942766,8：00——22：00
惠济区,50119,海鲜酒楼,回味美炒鸡虾尾,古荥镇纪公庙村村民委员会东侧,113.532417,34.865273,13783649636,8：00——22：00
惠济区,50119,海鲜酒楼,鱼味时尚烤鱼(长兴大厦店),长兴路2号宜家对面西北角长兴商务酒店,113.625736,34.817654,0371-55396128;15378779996,8：00——22：00
惠济区,50119,海鲜酒楼,光耀熟食批发,中部两岸海鲜港b3-63,113.674198,34.886364,13007528782,8：00——22：00
惠济区,50119,海鲜酒楼,老尹熟食冻品商行,花园口镇中部两岸海鲜物流园B东区019,113.674861,34.886689,18703606004,8：00——22：00
惠济区,50119,海鲜酒楼,郑州杭帮特色菜,中州大道与北四环交叉口中部两岸海鲜物流园A-003号,113.67172,34.885946,0371-63868755;0371-66388899;13015516337,8：00——22：00
惠济区,50119,海鲜酒楼,黄河鱼庄,107国道黄古线花园口,113.665664,34.895616,13137716603,8：00——22：00
惠济区,50119,海鲜酒楼,老渔夫农家院(黄古线),中州大道8号,113.665657,34.902644,0371-65678199,9：00——22：00
惠济区,50119,海鲜酒楼,蟹美味阳澄湖大闸蟹(惠济万达广场店),文创路与新城路交叉口东南80米,113.639195,34.869007,4006189973,8：00——22：00
惠济区,50119,海鲜酒楼,食号炒鸡煎烧鱼,南王村卫生所牙科北侧240米,113.549245,34.900234,13203875873,9：00——22：00
惠济区,50119,海鲜酒楼,阿闻杭帮菜(中部两岸海鲜物流园店),花园口镇中州大道中部两岸海鲜港A3排121号,113.672183,34.886539,13525534992,8：00——22：00
惠济区,50119,海鲜酒楼,街边作坊地摊牛排锅(暂停营业),大河路北辅路与田园路交叉口20米,113.662695,34.881391,18703612815,8：00——22：00
惠济区,50119,海鲜酒楼,郑州市惠济区七度冰鲜海产品店,花园口镇中部两岸海鲜物流园A西006-1,113.67169,34.886147,19339921667,8：00——22：00
惠济区,50119,海鲜酒楼,祁祁龍魚館,纪元路与固城路交叉口向南100米路西,113.627923,34.859179,13526697772,8：00——22：00
惠济区,50119,海鲜酒楼,张强淡水鱼(田园牧歌庄园店),中部两岸淡水鱼区南排20号,113.674559,34.885767,18568577727,8：00——22：00
惠济区,50121,清真菜馆,必胜客(惠济万达店),开元路68号万达广场F1,113.63811,34.868897,4009701890,8：00——22：00
惠济区,50121,清真菜馆,麦当劳(郑州惠济万达广场店),文化北路与开元路交汇处向西300米郑州惠济万达广场1层西侧,113.635088,34.868402,0371-58558709,8：00——22：00
惠济区,50121,清真菜馆,豪享来(南阳路店),南阳路与宋寨南街交叉口向北50米路西凯诺新都汇一楼,113.629485,34.800273,0371-55637655,8：00——22：00
惠济区,50121,清真菜馆,星巴克咖啡(郑州惠济万达店),开元路68号惠济万达一层1053号铺,113.638172,34.868268,0371-55096828;0371-55096829,8：00——22：00
惠济区,50121,清真菜馆,日日鲜蛋糕(银河路店),常青路农贸市场东1门旁,113.623604,34.82454,0371-60952167,8：00——22：00
惠济区,50121,清真菜馆,肯德基(惠济万达店),开元路68号万达广场(惠济店)F1-1052,113.638246,34.868349,0371-55287597,8：00——22：00
惠济区,50121,清真菜馆,韩宫宴炭火烤肉(惠济万达店),开元路万达商场步行街五层5035,113.637836,34.868688,0371-55096896,8：00——22：00
惠济区,50121,清真菜馆,必胜客(万科美景店),文化北路236号美景·欢乐广场F2层,113.645248,34.858121,4009701890,8：00——22：00
惠济区,50121,清真菜馆,DQ(郑州惠济万达),开元路68号惠济万达广场4楼4053,113.63788,34.868727,0371-66682107,8：00——22：00
惠济区,50121,清真菜馆,丰乐园大酒店,宋寨南街1号,113.634662,34.801893,0371-66771088;0371-66771066,8：00——22：00
惠济区,50121,清真菜馆,聚鑫源烩面(中原桂冠店),迎宾路街道英才街19号中原桂冠,113.671244,34.860206,0371-60959618,8：00——22：00
惠济区,50121,清真菜馆,炉小哥烤肉(惠济万达店),开元路68号万达广场室内步行街5F层5009A号商铺,113.635598,34.869009,0371-69153333,8：00——22：00
惠济区,50121,清真菜馆,郑州中州华悦饭店(丰乐路店),丰乐路96号,113.63255,34.805103,0371-60208866,8：00——22：00
惠济区,50121,清真菜馆,黄河谷·温泉度假酒店,江山路与黄河大堤交叉口向东800米丰乐庄园,113.559886,34.91944,0371-63773288;0371-63773869;0371-86013007,9：00——22：00
惠济区,50121,清真菜馆,7号里烘焙蛋糕(北三环店),南阳路170号门面房3号,113.625358,34.810177,0371-56027771;13383715572,8：00——22：00
惠济区,50121,清真菜馆,刘新生羊肉炝锅面(滨河路店),黄河美邸东南,113.653043,34.857075,15890171881;19303885831,8：00——22：00
惠济区,50121,清真菜馆,南阳路大砂锅,兴隆铺路13-1号(兴隆铺地铁站C口步行280米),113.626671,34.80914,0371-63721638,8：00——22：00
惠济区,50121,清真菜馆,豫老三牛肉拉面,南阳路185-22号,113.631748,34.80122,15333827075;15838204049,8：00——22：00
惠济区,50121,清真菜馆,大茶盘子齐市烤肉(清真),长兴路7号(王砦地铁站B口步行220米),113.625253,34.818883,14737111550,8：00——22：00
惠济区,50121,清真菜馆,源麦甜·品质千层(惠济店),木马东街木马嘉苑东门8号,113.640866,34.865371,19137603330;19138013330,8：00——22：00
惠济区,50121,清真菜馆,米村拌饭(惠济万达店),迎宾路街道惠济万达广场4层4057号(霸王茶姬对面),113.637628,34.868608,19937773061,8：00——22：00
惠济区,50121,清真菜馆,豪享来(天明路店),农业路与天明路怡丰新都汇一层1015,113.651088,34.786498,0371-53379878,7：00——22：00
惠济区,50121,清真菜馆,姐弟俩土豆粉(郑州惠济英才街店),迎宾路街道英才街英才街121-5号,113.650547,34.860939,13183001585,8：00——22：00
惠济区,50121,清真菜馆,磨豆场现磨豆浆(新都汇店),怡丰·新都汇2期东南门旁,113.649908,34.785378,13213101993,7：00——22：00
惠济区,50121,清真菜馆,魏家凉皮(惠济万达店),开元路68号万达广场市内步行街4F层5038号,113.638106,34.868565,19937886340,8：00——22：00
惠济区,50121,清真菜馆,姐弟俩土豆粉(郑州惠济万达店),文化路开元路西惠济万达广场4016,113.636187,34.868889,17335705955,8：00——22：00
惠济区,50121,清真菜馆,霸王茶姬(郑州碧源月湖店),迎宾路街道月湖广场一层临街商铺,113.636672,34.86982,4008788359,8：00——22：00
惠济区,50121,清真菜馆,蓝塔烘焙(郑州惠济万达广场店),开元路68号万达广场(郑州惠济店)1F层1001B,113.634995,34.868417,0371-63313004;13383711374,8：00——22：00
惠济区,50121,清真菜馆,盘牛匠亚洲烤肉公司(惠济万达店),开元路68号万达广场郑州惠济店4F层,113.637443,34.868772,19513339739,8：00——22：00
惠济区,50121,清真菜馆,兔师傅·做保养&换轮胎(省体育中心店),三全路155号(北二十里铺地铁站B口步行240米),113.637655,34.830779,4001610777,8：00——22：00
惠济区,50121,清真菜馆,木丁家居(碧源睿谷店),开元路碧源睿谷创新中心2区9号楼1层,113.640256,34.868843,0371-65367268,8：00——22：00
惠济区,50121,清真菜馆,茶百道(郑州美景万科新店),迎宾路街道美景商业中心公寓2号楼底商2-112-1一层商铺,113.644675,34.859125,19036937770,8：00——22：00
惠济区,50121,清真菜馆,德克士(月湖广场店),迎宾路街道新城路24号月湖广场2号楼一层114号,113.638222,34.86986,0371-63282726,8：00——22：00
惠济区,50121,清真菜馆,瓦库(心屿澜湾店),"江山路黄河南岸86号思念果岭社区(睦府洋房对面,思念果岭八角亭)",113.521788,34.913844,0371-63667676,9：00——22：00
惠济区,50121,清真菜馆,豪客来牛排(郑州惠济万科广场餐厅),文化北路与英才街交叉口美景万科广场三层3-12a号铺位,113.646002,34.858261,0371-55687568,8：00——22：00
惠济区,50121,清真菜馆,德克士(博金餐厅),南阳路134号,113.632644,34.80102,0371-65659699;0371-65659799,8：00——22：00
惠济区,50121,清真菜馆,霸王茶姬(郑州美景欢乐广场店),迎宾路街道美景欢乐广场一层1号门南侧第二间临街商铺,113.64443,34.859906,15093118169,8：00——22：00
惠济区,50121,清真菜馆,霸王茶姬(郑州惠济万达店),开元路68号万达广场(郑州惠济店)4F层4028,113.637537,34.86887,4008788359,8：00——22：00
惠济区,50121,清真菜馆,五号公路美式石烧牛扒(惠济万达店),开元路68号万达广场(郑州惠济店)4F层4029B-4030,113.637801,34.868942,13321165862,8：00——22：00
惠济区,50121,清真菜馆,大叹号烤肉·朝鲜族料理(惠济万达店),迎宾路街道惠济万达广场5F层5036号,113.636795,34.868593,18624909766,8：00——22：00
惠济区,50121,清真菜馆,绿野火坊营地火锅(暂停营业),德鑫网约车隔壁绿野火坊营地火锅,113.614326,34.823223,13803856851,8：00——22：00
惠济区,50121,清真菜馆,郑州天地丽笙酒店酒店大堂,英才街天地湾商业广场对面,113.678144,34.859539,0371-56156666,8：00——22：00
惠济区,50121,清真菜馆,瑞幸咖啡(美景万科广场店),文化北路英才街22号美景万科广场一层17号,113.644759,34.858051,4000100100,8：00——22：00
惠济区,50121,清真菜馆,白石的深夜食堂(惠济万达店),万达广场5层5037,113.637398,34.868731,19036938100,8：00——22：00
惠济区,50121,清真菜馆,茉莉奶白(郑州惠济万达广场店),开元路68号万达广场(郑州惠济店),113.637544,34.868853,13393728621,8：00——22：00
惠济区,50121,清真菜馆,眷茶臻选(惠济万达店),迎宾路街道开元路68号万达广场室内步行街4F4059号商铺,113.637082,34.868649,19903815585,8：00——22：00
惠济区,50121,清真菜馆,福状元(民安北郡店),清华园路与新城路交叉口东南角,113.622139,34.869842,0371-60939255,8：00——22：00
惠济区,50121,清真菜馆,CoCo都可(惠济万达店),万达室内步行街四层4073号,113.637741,34.86859,18538920897,8：00——22：00
惠济区,50121,清真菜馆,刘新生羊肉炝锅面(田园路店),田园路水境·怡园69-14号,113.662974,34.869306,15890171881;18538733716;18860364929,8：00——22：00
惠济区,50121,清真菜馆,肯德基(万科美景店),文化北路与英才街交汇处美景万科广场一层,113.645532,34.858849,0371-55955075;4009208801,8：00——22：00
惠济区,50121,清真菜馆,张掌柜鹅堡,迎宾路与银通路交叉口西南角,113.670712,34.870717,15515614499,8：00——22：00
惠济区,50121,清真菜馆,孟夫子煎包(怡丰·新都汇店),生产路刘寨办事处怡丰新都汇10号楼10号铺,113.65053,34.785715,15565005286;18238965928;18638292171,7：00——22：00
惠济区,50121,清真菜馆,王老宽烩面(双桥花卉店),汇港温泉(江山路南),113.588002,34.864577,17513222226,8：00——22：00
惠济区,50121,清真菜馆,锅圈食汇逸品香山店(410634),银通路39-9号(金达路银通路北200米路东),113.671101,34.864035,13333816411,8：00——22：00
惠济区,50121,清真菜馆,茶百道(惠济万达店),开元路68号万达广场(郑州惠济店)5F层5022A,113.637681,34.868898,15617567150,8：00——22：00
惠济区,50121,清真菜馆,茶百道(郑州英才店),英才街121-22,113.649333,34.858334,18538708895,8：00——22：00
惠济区,50121,清真菜馆,方中山胡辣汤(英才街店),迎宾路街道英才街19号中原桂冠小区1号,113.671936,34.86021,15039076582,8：00——22：00
惠济区,50121,清真菜馆,柳州肥姨妈大骨螺蛳粉(北大学城店),英才街黄河美邸小区L1号楼1单元一层1号,113.651248,34.859505,18037897655,8：00——22：00
惠济区,50121,清真菜馆,大周麻辣爆肚(郑州惠济区),英才街与桂圆街交叉口联合一百超市东第一家,113.653763,34.859473,18790290561,8：00——22：00
惠济区,50121,清真菜馆,德克士(郑州裕华餐厅),长兴路接到三全路与交叉口裕华广场内一层A-1002号商铺,113.624169,34.833103,0371-65588877;0371-65856699,8：00——22：00
惠济区,50121,清真菜馆,塔斯汀中国汉堡(郑州市北大学城店),英才街123-26号(北大学城地铁站A口步行180米),113.648425,34.859675,18339809798,8：00——22：00
惠济区,50121,清真菜馆,蜜雪冰城(郑大体院店),银河路1号附12号郑州大学体育学院对面,113.628672,34.825895,15565927240;15824863031;17752522785,8：00——22：00
惠济区,50121,清真菜馆,水浒烤肉(英才街店),英才街105-21号,113.652071,34.859998,13782941501,8：00——22：00
惠济区,50121,清真菜馆,霸王茶姬(郑州福都金达路店),金达路福都广场一层大门右侧商铺,113.687308,34.864163,15738370545,8：00——22：00
惠济区,50121,清真菜馆,香雪儿(天明路店),农业路与天明路交叉口千盛生活广场F1,113.65126,34.78609,0371-63798200,7：00——22：00
惠济区,50121,清真菜馆,绝味鸭脖(郑州文化路五店),文化路与英才街交叉口向东200米左右绝味鸭脖,113.649103,34.859632,4009995917,8：00——22：00
惠济区,50121,清真菜馆,姐弟俩土豆粉(郑州惠济新城路店),新城路与固城路交叉口毛庄家圆农贸市场1层S5S6商铺,113.625398,34.870189,18135692722,8：00——22：00
惠济区,50121,清真菜馆,小溪哩共享茶室(彩虹桥店),电厂路90-1号,113.604806,34.805706,19562790221,8：00——22：00
惠济区,50121,清真菜馆,呐呆面包研究所(月湖广场店),"新城路文创路交叉口月湖广场里面,1层露天街铺",113.637848,34.870142,13803839408,8：00——22：00
惠济区,50121,清真菜馆,刘记羊汤烩面泡馍(南阳路136号南院店),南阳路136号,113.631905,34.801916,15139732831;17329321965,8：00——22：00
惠济区,50121,清真菜馆,福晶园(大河龙城店),迎宾路10号大河龙城四期商业街25号楼05,113.666967,34.874106,0371-55090968,8：00——22：00
惠济区,50121,清真菜馆,南大门韩糕(惠济万达店),新城路月湖广场3号楼1层南大门韩糕,113.637373,34.869717,19913716961,8：00——22：00
惠济区,50121,清真菜馆,益禾堂(郑州财经学院店),天河路36号郑州财经学院商业街18号,113.598531,34.861681,13526623600,8：00——22：00
惠济区,50121,清真菜馆,1点点(惠济万达店),惠济万达5楼5055B,113.636264,34.868687,15036161951,8：00——22：00
惠济区,50121,清真菜馆,蜜雪冰城(尚购生活广场店),天明路大商千盛生活广场1层餐饮卖区,113.650926,34.786934,13903865085;15286809818,7：00——22：00
惠济区,50121,清真菜馆,亲古哟无限自助烤肉(美景·欢乐广场店),文化北路236号美景·欢乐广场F6层,113.645596,34.858647,15934037337,8：00——22：00
惠济区,50121,清真菜馆,塔斯汀中国汉堡(月湖广场店),特色商业区碧源月湖广场1号楼1层115/116-2,113.636948,34.870157,17630035611,8：00——22：00
惠济区,50121,清真菜馆,阿利茄汁面(北大学城店),郑州思念食品有限公司英才街北1门西210米,113.6546,34.859401,15670606112;18703635633,8：00——22：00
惠济区,50121,清真菜馆,阿平牛杂·小馆(惠济万达店),新城路70号靠近万达广场(郑州惠济店),113.637261,34.868802,0371-60985769,8：00——22：00
惠济区,50121,清真菜馆,谷神庭院料理(惠济万达店),"开元路68号惠济万达广场5楼5001,5002商铺",113.63803,34.868917,0371-55918530;13333696891,8：00——22：00
惠济区,50121,清真菜馆,油麻港辣子鸡手擀面(月湖广场店),月湖广场,113.636302,34.87006,15836200989,8：00——22：00
惠济区,50121,清真菜馆,塔斯汀中国汉堡(南阳路店),南阳路185号5号楼1层22号,113.631624,34.801388,19137917828,8：00——22：00
惠济区,50121,清真菜馆,卡吉诺(英才街店),英才街与文化路交叉口东南角,113.647183,34.859693,0371-55687855,8：00——22：00
惠济区,50121,清真菜馆,喜茶(郑州惠济美景欢乐广场店),文化路英才街美景欢乐广场美景麟起城2号楼101,113.645293,34.859244,13027521279,8：00——22：00
惠济区,50121,清真菜馆,紫燕百味鸡(郑州北郡店),新城办事处北郡3号商业街附13号,113.62685,34.866028,15093084208,8：00——22：00
惠济区,50121,清真菜馆,爷爷不泡茶NOYEYENOTEA(郑州英才街店),国基大学城西商业楼一层街铺,113.64905,34.859635,13938453911,8：00——22：00
惠济区,50121,清真菜馆,河畔人家农家院,新城办事处常庄村003号,113.632719,34.891538,13203897048;13523577951,8：00——22：00
惠济区,50121,清真菜馆,醉面(郑州惠济万达店),万达室内步行街4楼4056,113.637727,34.868767,19503880122,8：00——22：00
惠济区,50121,清真菜馆,阿生哥螺蛳粉(月湖广场店),迎宾路街道碧源月湖商业中心二区3号楼1单元145号,113.636467,34.869918,18015106292,8：00——22：00
惠济区,50121,清真菜馆,塔斯汀中国汉堡(怡丰·新都汇2期店),生产路20号院10号楼一层商105号,113.65009,34.785528,15617690569,7：00——22：00
惠济区,50121,清真菜馆,瑞幸咖啡(郑州月湖店),月湖广场1号楼商场A入口西侧,113.637584,34.870204,4000100100,8：00——22：00
惠济区,50121,清真菜馆,塔斯汀中国汉堡(华商万汇城店),华商万汇城商场一层F1-15F1-16,113.629114,34.823898,15838213352,8：00——22：00
惠济区,50121,清真菜馆,华莱士·全鸡汉堡(美景·欢乐广场店),文化北路236号美景·欢乐广场F1层,113.644595,34.858986,0371-65056053;0371-86172861;13781376652,8：00——22：00
惠济区,50121,清真菜馆,一点点(郑州英才街店),国基生活区北门东商业楼天桥口,113.64999,34.8596,15890913228,8：00——22：00
惠济区,50121,清真菜馆,味鼎牛兰州牛肉面(惠济区新城路总店),新城路与木马东街交叉口东100米,113.641809,34.869985,18694110376,8：00——22：00
惠济区,50121,清真菜馆,油麻港辣子鸡手擀面(金蓝湾),长虹路,113.6292,34.825341,16659009074,8：00——22：00
惠济区,50121,清真菜馆,益禾堂(郑州师范校外英才街店),英才街121-19号(北大学城地铁站A口步行320米),113.649649,34.8594,15225132878,8：00——22：00
惠济区,50121,清真菜馆,幸运咖(裕华广场店),三全路长兴路交叉口裕华广场内一楼A-1002C号商户,113.624186,34.833123,15890128957,8：00——22：00
惠济区,50123,潮州菜,潮州美食(毛庄家园农贸市场店),新城路毛庄家园农贸市场一楼A22,113.625442,34.870353,13261668888,8：00——22：00
惠济区,50200,外国餐厅,张记全羊鲜汤,英才街17号,113.653557,34.858803,13598415881;15137163969,8：00——22：00
惠济区,50200,外国餐厅,兰州牛肉拉面(英才街店),英才街与桂圆南街交叉口东100米,113.654423,34.859407,18793013751,8：00——22：00
惠济区,50200,外国餐厅,遇见披萨(英才街店),英才街茂源东街惠达金苑6号楼123,113.678396,34.861598,18236902954,8：00——22：00
惠济区,50200,外国餐厅,李记削面(英才街店),英才街郑州星源外国语学校,113.65374,34.85944,13592452130,8：00——22：00
惠济区,50200,外国餐厅,优质胡辣汤,英才街与桂圆南街交叉口东60米,113.653813,34.859455,18738115125,8：00——22：00
惠济区,50200,外国餐厅,70人饸饹面,桂圆南街郑州星源外国语学校,113.65355,34.858546,18336313662,8：00——22：00
惠济区,50200,外国餐厅,黎太院韩式炸鸡(北大学城学府御园底商店),桂圆南街学府御园门口南商铺,113.653456,34.857393,15738300990,8：00——22：00
惠济区,50200,外国餐厅,布谷布谷热干面(星源外国语店),桂圆南街3-6号,113.653553,34.859135,13120016228,8：00——22：00
惠济区,50200,外国餐厅,双萍西餐仓库,江山路与英才街交叉口西南380米,113.59604,34.850158,15890018100,8：00——22：00
惠济区,50200,外国餐厅,GeGe-韩式炸鸡(升龙汇金店),刘寨街道南阳路192号院3号楼1-2层商144号,113.629258,34.799505,15839673722,7：00——22：00
惠济区,50200,外国餐厅,意莉萨意式餐(惠济万达店),开元路68号万达广场郑州惠济店4F层,113.637543,34.868896,15303957273;18239995299,8：00——22：00
惠济区,50200,外国餐厅,N多寿司(惠济万达店),开元路68号万达广场二楼丹尼斯服务中心旁,113.635583,34.868416,15039050995;15517584820,8：00——22：00
惠济区,50200,外国餐厅,双萍西餐(信基食品城店),京广快速路与新新龙路交叉口向西600米路南信基食品城干调1区2610号,113.60666,34.836624,0371-63390405,8：00——22：00
惠济区,50200,外国餐厅,王记凉皮店,英才街与桂圆南街交叉口东南40米,113.653603,34.859418,15136258697,8：00——22：00
惠济区,50200,外国餐厅,文师傅炭烤羊肉串·烧烤店,博颂路与丰乐路交叉口向南150米路西,113.631487,34.807561,15515568856,8：00——22：00
惠济区,50200,外国餐厅,润海西餐,郑州信基调味食品城B座东北侧110米,113.608375,34.83477,13939020405,8：00——22：00
惠济区,50200,外国餐厅,森林湖店(天河路店),天河路与绿荫路交叉口东北160米,113.616856,34.896915,0371-53661199;0371-86093399,8：00——22：00
惠济区,50200,外国餐厅,恒诚西餐(暂停营业),信基调味食品城冻品市场11区,113.608039,34.834717,13949002342,8：00——22：00
惠济区,50200,外国餐厅,三顺家韩餐(月湖广场店)(暂停营业),新城路月湖广场金街2楼1-212,113.636475,34.869725,13027750871,8：00——22：00
惠济区,50300,快餐厅,方中山胡辣汤(毛庄店),开元路100-2号(毛庄地铁站D口步行220米),113.626162,34.867547,13137050999,8：00——22：00
惠济区,50300,快餐厅,正阳米皮(毛庄惠文社区店),新城街道毛庄小区B1楼三单元,113.624859,34.874904,15981985704,8：00——22：00
惠济区,50300,快餐厅,杨记牛肉拉面(三全路店),三全路裕华美晨小区3号楼1-2层106号,113.621319,34.833206,13673600055;13674996663,8：00——22：00
惠济区,50300,快餐厅,阿三生煎(美景欢乐广场店),文化路英才街美景欢乐广场5楼25号,113.645531,34.858691,15303831652,8：00——22：00
惠济区,50300,快餐厅,德克士(金达福都广场店),福都购物广场金达店东北门西100米,113.686641,34.86445,0371-65366619,8：00——22：00
惠济区,50300,快餐厅,李四辈永城牛肉水煎包(民安北郡店),开元路与金杯路交叉口向北160米路东,113.626174,34.86812,17803833111,8：00——22：00
惠济区,50300,快餐厅,萃十三手作粥包铺,开元路100-2号(毛庄地铁站D口步行280米),113.626188,34.868206,0371-88060688;13592685731,8：00——22：00
惠济区,50300,快餐厅,华莱士·全鸡汉堡(古荥),古荥镇北四环古须路交叉口万村千商场,113.533139,34.879462,4008226004,8：00——22：00
惠济区,50300,快餐厅,胖子锅盔(怡丰·新都汇2期店),怡丰新都汇9号楼102号商铺,113.650691,34.785879,13522239212;17303838801,7：00——22：00
惠济区,50300,快餐厅,开心花甲粉,开元路师范学院东校区北门创业街9号,113.6574,34.865039,19555777595,8：00——22：00
惠济区,50300,快餐厅,必胜客(裕华广场店),长兴路与三全路交叉口西北角裕华广场一层,113.625246,34.833121,4009701890,8：00——22：00
惠济区,50300,快餐厅,小胜祥烩面泡馍,国基路江山路交叉口向东150米路北,113.621854,34.819671,18567017123;19069610086,8：00——22：00
惠济区,50300,快餐厅,一锅好汤(城市北岸住宅小区店),长兴路11号院2号楼1号门面房,113.624173,34.819798,13607681013,8：00——22：00
惠济区,50300,快餐厅,阿利茄汁面(惠济万达广场店),开元路68号万达广场(郑州惠济店)4F层4060,113.637262,34.868616,19149441034,8：00——22：00
惠济区,50300,快餐厅,王春光营养早餐中式快餐(升龙汇金店),南阳路192号裕华文清园1号楼,113.632361,34.800001,19303889320;19939291150,8：00——22：00
惠济区,50300,快餐厅,洛阳龙鳞路第一家牛肉汤(英才街店),黄河美的L2号楼101号,113.653137,34.859363,13526876395,8：00——22：00
惠济区,50300,快餐厅,华莱士·全鸡汉堡(裕华广场店),三全路与长兴路交叉口裕华广场小区东门北行30米路西,113.624927,34.833826,4008226004,8：00——22：00
惠济区,50300,快餐厅,阿甘锅盔(惠济万达店),开元路西300米惠济万达广场4楼4010b,113.635703,34.868923,15936270410,8：00——22：00
惠济区,50300,快餐厅,塔斯汀中国汉堡(金达福都广场店),金达路与乐飞街交叉口福都广场1F-018,113.686918,34.863753,19937395585,8：00——22：00
惠济区,50300,快餐厅,姚红伟优质胡辣汤(新希望·澳园店),新希望·澳园南门旁(省体育中心地铁站E口步行190米),113.624824,34.835124,13007509935,8：00——22：00
惠济区,50300,快餐厅,螺遇粉柳州螺蛳粉(月湖店),"迎宾路街道郑州市惠济区新城路北假日西路东,月湖广场3号楼1层142号",113.636496,34.869771,15886775352;19137138228,8：00——22：00
惠济区,50300,快餐厅,麦加美汉堡(大河餐厅),大河路,113.738396,34.871909,0371-55686086,8：00——22：00
惠济区,50300,快餐厅,宴渠老烩面(新城路店),新城路博悦商业中心2号楼105-107房,113.601182,34.870732,13938504218,8：00——22：00
惠济区,50300,快餐厅,如意馄饨(千盛广场店),怡丰新都汇9幢1层109号,113.650371,34.786437,15050324883;17335353736,7：00——22：00
惠济区,50300,快餐厅,谷婆婆八宝粥(宋寨南街),南阳路198号院1号楼1层26号,113.632224,34.799908,18595801511,7：00——22：00
惠济区,50300,快餐厅,马洼洛阳锅贴(英才街店),迎宾路街道英才街16号鑫苑逸品香山南区,113.670055,34.862423,15837192357,8：00——22：00
惠济区,50300,快餐厅,华莱士·全鸡汉堡(英才街),桂圆南街与英才街交叉口东南角联合一百超市向南第二间门面,113.653563,34.859298,4008226004,8：00——22：00
惠济区,50300,快餐厅,中国兰州清汤牛肉面(创业街店),迎宾路街道有一家疯狂烤鸡(创业店)郑州师范学院东区,113.657471,34.865827,13183335353,8：00——22：00
惠济区,50300,快餐厅,庙东排骨(月湖广场店),新城路北假日西路东碧源月湖3幢1层140号,113.636825,34.870125,13283888582,8：00——22：00
惠济区,50300,快餐厅,南关小碗牛肉汤(美景·欢乐广场店),文化北路236号美景·欢乐广场F1层,113.644982,34.859167,18236983716,8：00——22：00
惠济区,50300,快餐厅,华莱士·全鸡汉堡(裕华文汇店),南阳路185号裕华文汇2号楼北单元1层7号商铺,113.631229,34.801934,0371-61173373;13140103191,8：00——22：00
惠济区,50300,快餐厅,华莱士·全鸡汉堡(花园口店),花园口村黄古线与黄河大堤交叉口向南500米路西,113.665475,34.901325,4008226004,9：00——22：00
惠济区,50300,快餐厅,华莱士·全鸡汉堡(清华园店),新城街道清华园路145号3号楼1-2层附13号,113.622283,34.870803,4008226004,8：00——22：00
惠济区,50300,快餐厅,华莱士·全鸡汉堡(金蓝湾店),金蓝湾西门旁,113.629468,34.825216,0371-55382955;13203701863;13523856689,8：00——22：00
惠济区,50300,快餐厅,沙朗阿甘鲜肉汉堡(惠济万达店),开元路68号万达广场(郑州惠济店)4F层4055,113.637806,34.868724,15333823097,8：00——22：00
惠济区,50300,快餐厅,鸡柳大人(北大学城店),迎宾路街道50号国基生活区门口西100米,113.648673,34.859652,18768410199,8：00——22：00
惠济区,50300,快餐厅,趙员外逍遥镇胡辣汤,三全路长兴路交叉路口西南角,113.625311,34.832278,18436991111,8：00——22：00
惠济区,50300,快餐厅,螺专甲螺蛳粉(惠济万科店),美景欢乐广场1号楼东北角入口处,113.645282,34.858959,17638127889,8：00——22：00
惠济区,50300,快餐厅,诚记煲仔饭(丰乐园店),丰乐路与宋寨南街向西100米路北丰乐家纺城1楼1排东大门4号,113.634276,34.801316,15639013273,8：00——22：00
惠济区,50300,快餐厅,清真回族古月斋牛肉饼,鑫苑逸品香山南区北1门旁,113.669083,34.862408,18903935159,8：00——22：00
惠济区,50300,快餐厅,麦加美汉堡(北大学城店),邮政储蓄银行西隔壁,113.647152,34.859525,18237149313,8：00——22：00
惠济区,50300,快餐厅,湖南米粉牛肉面(兴隆铺路店),南阳路168号1号楼1层5号,113.628091,34.810157,18839784809;18890739318,8：00——22：00
惠济区,50300,快餐厅,杨孝业特优滋补胡辣汤(丰乐路店),丰乐路丰乐机电城16号楼对面,113.630533,34.809324,17703855180,8：00——22：00
惠济区,50300,快餐厅,日高屋面馆,中海湖滨怡然园6号楼底商104(大河路南辅道),113.639414,34.878408,13937194243,8：00——22：00
惠济区,50300,快餐厅,塔斯汀中国汉堡(天河博悦店),天河博悦人才公寓114号,113.599797,34.870447,17719820668,8：00——22：00
惠济区,50300,快餐厅,刘宝君红烧鸡块米线,弘润路149号(刘寨站牌后面),113.630006,34.804405,18037803506;19139740938,8：00——22：00
惠济区,50300,快餐厅,湘记酸辣粉,美景欢乐广场2号楼114号,113.644927,34.859176,17324823033,8：00——22：00
惠济区,50300,快餐厅,沙朗阿甘鲜肉汉堡(惠济福都店),艾瑞德澜庭幼儿园东北门北90米,113.686722,34.864013,19900915223,8：00——22：00
惠济区,50300,快餐厅,南关小碗牛肉汤(丰乐路店),丰乐路博颂路交叉口东北角,113.630476,34.809411,13783475008;13849954979,8：00——22：00
惠济区,50300,快餐厅,正新鸡排(美景·欢乐广场店),万科美景欢乐广场1-108,113.645287,34.85906,18532310504,8：00——22：00
惠济区,50300,快餐厅,塔斯汀中国汉堡(郑州财经学院店),郑州财经学院美汇街1819号,113.595499,34.862075,19069637326,8：00——22：00
惠济区,50300,快餐厅,郑向荣炖肉胡辣汤(王砦小区西区店),兴隆铺路与丰乐路交叉口6号,113.629397,34.810422,13838549990,8：00——22：00
惠济区,50300,快餐厅,华莱士·全鸡汉堡(毛庄社区店),新城街道金河路122-3正西方向130米毛庄小区二号院,113.627345,34.8661,0371-88967998,8：00——22：00
惠济区,50300,快餐厅,吕小甜超大里脊肉夹饼,迎宾路街道英才街与桂圆南街交叉口西南角11号,113.653073,34.859583,13633723332,8：00——22：00
惠济区,50300,快餐厅,老麻抄手·牛肉面(郑大体院店),银河街9-11号,113.629761,34.825848,18937125376,8：00——22：00
惠济区,50300,快餐厅,花小小新疆炒米粉 (北大学城店),迎宾街道英才街国基生活区原铁炉房东侧一层商铺3号,113.65022,34.858214,13137310021,8：00——22：00
惠济区,50300,快餐厅,蘭穆兰州牛肉面,新城路第三人民医院北门对面兰穆兰州牛肉面,113.609868,34.870957,19949189400,8：00——22：00
惠济区,50300,快餐厅,绝味鸭脖(郑州民安北郡店),新城街道民安北郡一期37,113.62269,34.869827,15936237622,8：00——22：00
惠济区,50300,快餐厅,肯德基(江山路店),江山路大桥石化加油站,113.572956,34.880267,4009200715,8：00——22：00
惠济区,50300,快餐厅,豫龙晏曲老烩面(谦祥·兴隆城嘉园店),兴隆铺路16-28号,113.619424,34.804886,18860373688,8：00——22：00
惠济区,50300,快餐厅,洛阳东关全牛鲜汤(长兴路),长兴路与国基路交叉口东南角(王砦地铁站A口步行80米),113.626171,34.818186,13298191799,8：00——22：00
惠济区,50300,快餐厅,沙县小吃(美景·欢乐广场店),文化北路236号美景·欢乐广场F1层,113.644723,34.859338,13071083611;15716373700,8：00——22：00
惠济区,50300,快餐厅,华莱士·全鸡汉堡(艺茂国际仓店),艺茂国际仓东北门北60米,113.619958,34.85932,0371-61813660;13101711335,8：00——22：00
惠济区,50300,快餐厅,余味包子,电厂路90-19,113.603004,34.803977,15138957868,8：00——22：00
惠济区,50300,快餐厅,小蛮螺螺蛳粉(月湖广场店),文创路月湖广场,113.636855,34.869755,18530049327,8：00——22：00
惠济区,50300,快餐厅,寓家隆江猪脚饭,大河路街道中原四季水产物流港市场商铺1号楼1-1-02A号,113.572185,34.890724,13525523528,8：00——22：00
惠济区,50300,快餐厅,方永结胡辣汤(正弘智空间店),迎宾路街道豫泰路西科达街北正弘豫园F区1号楼1层133号,113.683298,34.860782,18539920898;19950203639,8：00——22：00
惠济区,50300,快餐厅,战友热干面(新希望·澳园店),新希望·澳园东门北130米,113.625704,34.837706,15136215737,8：00——22：00
惠济区,50300,快餐厅,郑得鲜鲜烫牛肉粉,毛庄2号院西门(毛庄地铁站A口步行260米),113.626589,34.865624,16663754333,8：00——22：00
惠济区,50300,快餐厅,漠疆君·新疆炒米粉·丸子汤(月湖店),月湖金街2号楼1楼商铺,113.637871,34.87008,19603886399,8：00——22：00
惠济区,50300,快餐厅,上海牛肉拉面(蝶嗨创客美食城裕华广场店),三全路与长兴路交叉口裕华广场内4层D-8001号商铺,113.625401,34.834145,15890689987,8：00——22：00
惠济区,50300,快餐厅,延庆观炸鸡(天地湾店),天地湾·佳苑东门旁,113.67398,34.861108,17630209390,8：00——22：00
惠济区,50300,快餐厅,秦镇米皮(艺茂国际仓店),艺茂国际仓C区C2-108号商铺,113.618836,34.859809,15238685136,8：00——22：00
惠济区,50300,快餐厅,华莱士·全鸡汉堡(月湖广场店),月湖广场,113.636803,34.869748,19138126985,8：00——22：00
惠济区,50300,快餐厅,德德热干面总店,新城办事处东赵社区大河路北150米(龙泽文苑东门),113.638135,34.880585,13783611608,8：00——22：00
惠济区,50300,快餐厅,多加酸奶,邮运南路王砦西安置区9-1-1多加酸奶,113.617198,34.816843,13803868646,8：00——22：00
惠济区,50300,快餐厅,山西刀削面(锦艺金水湾观源苑店),锦艺金水湾观源苑西门旁,113.644371,34.855155,15136296802;18137883772,8：00——22：00
惠济区,50300,快餐厅,沪桥巷生煎(金达路店),迎宾路街道英才街16号鑫苑逸品香山南区,113.670017,34.862401,13103863929,8：00——22：00
惠济区,50300,快餐厅,红火火重庆小面(正弘智空间店),正弘智空间2号楼103商铺,113.682638,34.860411,13525501573,8：00——22：00
惠济区,50300,快餐厅,五味草堂五谷渔粉(月湖广场店),月湖广场三号楼外围西边105号,113.63639,34.869842,17719823099;19103860795,8：00——22：00
惠济区,50300,快餐厅,福锦记滋补胡辣汤,天河路新城路向东200米,113.616968,34.870623,15093333775,8：00——22：00
惠济区,50300,快餐厅,京辈爆肚粉(月湖广场店),碧源月湖广场,113.636973,34.870319,18838223525,8：00——22：00
惠济区,50300,快餐厅,沙枣花泰林拌面,惠达金苑2-105室(金达路地铁站B口步行70米),113.677775,34.862325,17537656613,8：00——22：00
惠济区,50300,快餐厅,临榆炸鸡腿(郑州师范北门店),郑州师范学院东校区北大门东侧1-22号,113.657266,34.865418,19855486111;4006586528,8：00——22：00
惠济区,50300,快餐厅,口水鸡排(月湖广场店),迎宾路街道碧源月湖商业中心二区3号楼148号商铺,113.636467,34.869918,18339976265,8：00——22：00
惠济区,50300,快餐厅,S-pizza披萨速递(惠济万达店),迎宾路街道新城路24号月湖广场1号楼108室,113.636892,34.8709,15515725783,8：00——22：00
惠济区,50300,快餐厅,王记烩面(兴隆铺路店),亚鑫建材东南门东130米,113.61801,34.806015,15938796732,8：00——22：00
惠济区,50300,快餐厅,秦镇姐妹米皮(裕华文清园店),刘寨街道南阳路198号裕华文清园,113.632448,34.800041,13213136309;13633714258,8：00——22：00
惠济区,50300,快餐厅,蒸好味顺德干蒸菜(艺茂国际仓店),天元路和清华园路交叉口向西一百米路南,113.618546,34.860178,13598868028,8：00——22：00
惠济区,50300,快餐厅,郭记老汉口热干面(河南汽车贸易中心店),河南汽车贸易中心西门南60米,113.671129,34.864202,18539572683,8：00——22：00
惠济区,50300,快餐厅,徐州肉酱米线·七年老料方(郑州总店),迎宾路街道英才街逸品香山16号19号楼一层13号门面,113.668144,34.860168,15617177262,8：00——22：00
惠济区,50300,快餐厅,江川右·一家有态度的粥店(北大学城店),迎宾路街道国基大学城生活园区浴池北侧西边第三间(北-3),113.648992,34.858416,15617899930;15981925797;4001663036,8：00——22：00
惠济区,50300,快餐厅,博爱闪记牛肉丸子汤,生产路16号院2号楼1层商4号,113.650961,34.785492,15538103560,7：00——22：00
惠济区,50300,快餐厅,犟种螺蛳粉,迎宾路街道英才街与杏花街杨庄惠弘新园九号楼1单元1号门面,113.643908,34.858579,13837155293,8：00——22：00
惠济区,50300,快餐厅,九头鸟热干面老店,丰乐园公寓北门旁,113.63388,34.804087,13673666525,8：00——22：00
惠济区,50300,快餐厅,刘记炒公鸡手工烩面,惠济区天河路与大河路交叉口,113.613103,34.876473,13837112675,8：00——22：00
惠济区,50300,快餐厅,王大碗砂锅麻辣烫(毛庄小区二号院店),毛庄小区二号院西门南80米,113.626428,34.864717,13213218921,8：00——22：00
惠济区,50300,快餐厅,九多肉多(金达路店),英才街16号2号楼1层商3号,113.669489,34.862414,4008050958,8：00——22：00
惠济区,50300,快餐厅,螺鲜客鸭脚猪蹄煲螺蛳粉,英才街与桂圆南街交叉口向东10米路南,113.654053,34.859412,18838189263,8：00——22：00
惠济区,50300,快餐厅,龙鳞路第一家牛肉汤(体育中心店),长柳路12-2号(省体育中心地铁站E口步行180米),113.624901,34.835123,13526641171,8：00——22：00
惠济区,50300,快餐厅,襄阳牛肉面,中海湖滨世家·怡然苑,113.638243,34.877472,13253584293;13298171326,8：00——22：00
惠济区,50300,快餐厅,万团结胡辣汤(裕华美欣店),长兴路街道长柳路6号裕华美欣,113.620228,34.835542,18739415128,8：00——22：00
惠济区,50305,茶餐厅,库迪咖啡(牧专英才校区店),迎宾路街道勤俭路河南牧业经济学院英才校区桃园餐厅大厅,113.638225,34.863225,17752534351,8：00——22：00
惠济区,50305,茶餐厅,邢全福胡辣汤小馆(艺茂国际仓店),艺茂仓东门口D4栋102号,113.619889,34.858724,18348404653,8：00——22：00
惠济区,50305,茶餐厅,豫肚江湖砂锅现切涮牛肚,天元路艺茂仓c2-104,113.618211,34.860101,14737161888,8：00——22：00
惠济区,50305,茶餐厅,甜啦啦鲜果茶(郑州师范学院东区店),迎宾路街道郑州师范学院东校区餐厅二楼42号商铺,113.658192,34.86401,18137889025,8：00——22：00
惠济区,50305,茶餐厅,益禾堂(河南老牧专校内店),河南牧业经济学院英才校区餐厅广场西侧西商业25-3号房,113.6378,34.862961,18390821183,8：00——22：00
惠济区,50305,茶餐厅,老饕之家,河南省郑州市惠济区江山路街道艺茂国际仓C区一层C2-102号,113.61804,34.859826,0371-55663322,8：00——22：00
惠济区,50400,休闲餐饮场所,刘刘黑鸭,张仲景大药房正对面,113.665548,34.900574,18839020329,9：00——22：00
惠济区,50400,休闲餐饮场所,清雅休闲农庄,赵高庄,113.66375,34.889232,18736046254,8：00——22：00
惠济区,50400,休闲餐饮场所,喵小姐DIY蛋糕(北大学城店),迎宾路办事处英才街文化路交叉口向东一百米路南首席美发二楼左拐,113.648101,34.859701,15238038046,8：00——22：00
惠济区,50400,休闲餐饮场所,孙顺喜信阳渔家乐,丰硕街与牛宋线交叉口东220米,113.592376,34.904838,13676935530,9：00——22：00
惠济区,50400,休闲餐饮场所,须畔人家农庄,索须河北路2号天河路与交叉口东800米,113.621896,34.893009,13783529977;15138958788,8：00——22：00
惠济区,50400,休闲餐饮场所,北街酒馆,锦艺四季城香颂苑1号楼107商铺张仲景大药房二楼,113.616876,34.855668,13673356525,8：00——22：00
惠济区,50400,休闲餐饮场所,刘童林渔家,李西河东街与沿黄快速路向北100米,113.633665,34.902766,13073793301,9：00——22：00
惠济区,50400,休闲餐饮场所,冰淳茶饮(西黄刘店),香山路与光杨路交叉口向东10米路北,113.66967,34.876687,15981819477,8：00——22：00
惠济区,50400,休闲餐饮场所,老友会(茶馆),迎宾路香山路西150米路北大河龙城商铺三楼,113.665694,34.871585,15517141354,8：00——22：00
惠济区,50400,休闲餐饮场所,郑州黄河楼野鱼村,花园口镇花园路89号(黄河游览区东200米),113.669007,34.903732,0371-69197568,9：00——22：00
惠济区,50500,咖啡厅,库迪咖啡(国基大学城店),国基大学城生活园区东北门旁,113.649373,34.859638,19339915130,8：00——22：00
惠济区,50500,咖啡厅,北地艺咖啡,文创路开元路睿谷创新中心A4号楼一楼5G数字文化研究中心,113.639414,34.868059,19283717022,8：00——22：00
惠济区,50500,咖啡厅,菓小苮·酸奶·咖啡·鲜奶茶(月湖广场店),新城路月湖广场3号楼5楼521,113.637363,34.869681,15538224002;15538224222,8：00——22：00
惠济区,50500,咖啡厅,叁猫咖啡,王砦路郑州众森建材馆一楼1037,113.623048,34.817233,15617509969,8：00——22：00
惠济区,50500,咖啡厅,库迪咖啡(惠济万达广场店),月湖广场1层中厅环岛儿童馆旁边,113.636281,34.868688,15890057663,8：00——22：00
惠济区,50500,咖啡厅,1²COFFEE一的平方咖啡,纪元路与端阳路交叉口西80米,113.615615,34.856526,17550509573,8：00——22：00
惠济区,50500,咖啡厅,植造花植园艺咖啡店,惠济区良库工舍5号楼101,113.616218,34.812612,18237383320,8：00——22：00
惠济区,50500,咖啡厅,漫维咖啡,睿谷创新中心A1号楼1楼,113.639441,34.869264,17752560865,8：00——22：00
惠济区,50500,咖啡厅,瑞幸咖啡(农业路尚购生活广场店),农业路54号尚购生活广场一层底商,113.650466,34.787047,4000100100,7：00——22：00
惠济区,50500,咖啡厅,幸运咖(月湖广场店),新城路24号月湖广场步行街1号楼1楼119,113.637454,34.870085,18736068729,8：00——22：00
惠济区,50500,咖啡厅,库迪咖啡(尚购生活广场店),农业路与天明路交叉口西南40米,113.650333,34.787048,19059522200,7：00——22：00
惠济区,50500,咖啡厅,蓉小乔咖啡(美景·欢乐广场店),美景欢乐广场商场一楼2号门东侧10米(商场内屈臣氏对面),113.644971,34.858051,15303711369;15303718868,8：00——22：00
惠济区,50500,咖啡厅,牧场咖啡,天河路669号,113.616957,34.909076,13253322100,9：00——22：00
惠济区,50500,咖啡厅,瑞幸咖啡(国基大学生活园区店),英才街国基大学城生活园区一层底商,113.649208,34.859598,4000100100,8：00——22：00
惠济区,50500,咖啡厅,幸运咖(博悦店),新城路南北大街交叉口东南角博悦商业中心一号楼商业2110户,113.599718,34.870732,18737152722,8：00——22：00
惠济区,50500,咖啡厅,库迪咖啡(河南体院南门店),长虹路银河街交叉口东南角,113.629462,34.825967,15514366987,8：00——22：00
惠济区,50500,咖啡厅,郑粤宠爱咖啡馆(北大学城店),文化路英才街新青年小区1号楼东二单元503,113.647382,34.859563,18600560912,8：00——22：00
惠济区,50500,咖啡厅,瑞幸咖啡(升龙汇金店),裕华文汇东北门南130米,113.63174,34.800802,4000100100,8：00——22：00
惠济区,50500,咖啡厅,幸运咖(国基大学生活园店),英才街97号,113.64963,34.859621,18749834788,8：00——22：00
惠济区,50500,咖啡厅,库迪咖啡(惠济升龙汇金广场店),南阳路192号升龙汇金广场C区1号楼1层133号C,113.631831,34.800336,17796646684,8：00——22：00
惠济区,50500,咖啡厅,思念·果岭国际社区白杨书院咖啡屋,,113.5151,34.91994,18638770869,9：00——22：00
惠济区,50500,咖啡厅,惊蛰咖啡,月湖广场张仲景大药房对门咕噜宠物超市进,113.63745,34.869577,15093065156,8：00——22：00
惠济区,50500,咖啡厅,瑞幸咖啡(惠济万达店),开元路69号万达广场五层中厅070号商铺,113.637133,34.868656,4000100100,8：00——22：00
惠济区,50500,咖啡厅,幸运咖(鑫苑逸品香山店),鑫苑逸品香山2期金达路银通路交叉口西北角,113.670583,34.862902,13140050706,8：00——22：00
惠济区,50500,咖啡厅,瑞幸咖啡(郑州财经学院店),天河路36号郑州财经学院丰泽餐厅二层1号,113.601175,34.861475,4000100100,8：00——22：00
惠济区,50500,咖啡厅,幸运咖(毛庄店),新城路金杯路交叉口西北角,113.624782,34.870065,13939076350,8：00——22：00
惠济区,50500,咖啡厅,库迪咖啡(美景欢乐广场店),文化北路与英才街交汇处美景万科广场1层102号商铺(1号门南侧),113.645572,34.85897,19937750992,8：00——22：00
惠济区,50500,咖啡厅,瑞幸咖啡(河南牧业经济英才街店),景观大道与西苑路交叉口东40米,113.63784,34.8625,4000100100,8：00——22：00
惠济区,50500,咖啡厅,幸运咖(郑州财经学院店),郑州财经学院商业街,113.598897,34.862408,15138673837,8：00——22：00
惠济区,50500,咖啡厅,库迪咖啡(郑州财经学院店),天河路36号郑州财经学院校内商业街4号房屋21,113.60117,34.861481,18699667787,8：00——22：00
惠济区,50500,咖啡厅,汇尚饮,古荥镇长兴苑小区对面,113.542335,34.909687,15238050530,9：00——22：00
惠济区,50500,咖啡厅,幸运咖(升龙汇金店),升龙汇金广场2号楼1层139号,113.631285,34.800076,15670798999,8：00——22：00
惠济区,50500,咖啡厅,库迪咖啡(金达路福都广场店),金达路与乐飞街交叉口东南角福都购物广场商场1层大厅(直梯对面),113.687127,34.864167,16638253623,8：00——22：00
惠济区,50500,咖啡厅,蜜雪冰城(艺茂国际仓店),艺茂国际仓东1门旁,113.619803,34.858165,15225112835;18838277832,8：00——22：00
惠济区,50500,咖啡厅,库迪咖啡(郑州月湖广场店),迎宾路街道新城路272号月湖广场,113.637351,34.870225,17329325815,8：00——22：00
惠济区,50500,咖啡厅,幸运咖,郑州师范学院西校区,113.647275,34.865675,17303818889,8：00——22：00
惠济区,50500,咖啡厅,瑞幸咖啡(郑州师范学院东校区店),英才街14号,113.659543,34.863252,4000100100,8：00——22：00
惠济区,50500,咖啡厅,库迪咖啡(郑州裕华广场店),长兴路37号裕华广场1层外沿底商,113.624308,34.833099,13503843905,8：00——22：00
惠济区,50500,咖啡厅,幸运咖(师范东校区餐厅店),英才街郑州师范学院东校区静馨园餐厅,113.65908,34.863506,17303818889,8：00——22：00
惠济区,50500,咖啡厅,幸运咖(牧业经济英才校区店),牧业经济学院商业街,113.638017,34.862957,18737139931,8：00——22：00
惠济区,50500,咖啡厅,幸运咖(牧业经济学院店),英才街牧业经济学院校内,113.645206,34.859222,15896847383,8：00——22：00
惠济区,50500,咖啡厅,幸运咖(毛庄店),新城路毛庄惠文社区北1号楼1单元1层1号门面房,113.624811,34.870139,18736068729,8：00——22：00
惠济区,50500,咖啡厅,幸运咖(牧业经济学院店),英才街牧业经济学院校内,113.645041,34.860422,17637633126,8：00——22：00
惠济区,50500,咖啡厅,库迪咖啡(郑州财经学院店),科技路与杜庄街交叉口北280米,113.600008,34.862345,13781227322,8：00——22：00
惠济区,50600,茶艺馆,静隐茶遇(睿谷创新中心2区店),开元路文创路睿谷中心A7号楼1层,113.639201,34.868535,13164359777,8：00——22：00
惠济区,50600,茶艺馆,逍遥居茶馆,金杯路国基路向北50米路东,113.630647,34.820437,13333856778,8：00——22：00
惠济区,50600,茶艺馆,山茶霖铅笔头茶舍,中州大道262号,113.683142,34.868908,15937126268;18039503536,8：00——22：00
惠济区,50600,茶艺馆,肆海·茶社·棋牌娱乐馆,宋寨南街张寨村5号楼2层,113.634729,34.800695,15003852330,8：00——22：00
惠济区,50600,茶艺馆,廿坪茶院(睦府洋房店),西山路思念果岭社区睦府洋房,113.520728,34.914269,15225070599,9：00——22：00
惠济区,50600,茶艺馆,郑州·上春山茶馆,艺茂国际仓A2-111号上春山茶事,113.618101,34.85731,18595527237,8：00——22：00
惠济区,50600,茶艺馆,春瓯(艺茂国际仓店),清华园路艺茂国际仓(西南角),113.617422,34.857837,15639733739,8：00——22：00
惠济区,50600,茶艺馆,晓茶馆(惠达金苑店),惠达金苑西门东南50米(金达路地铁站B口步行180米),113.677448,34.861394,18638168808,8：00——22：00
惠济区,50600,茶艺馆,清雅茶苑,新城办事处索须河北路,113.627603,34.893549,13283883444,8：00——22：00
惠济区,50600,茶艺馆,茶箴,迎宾路21-2号,113.664626,34.870972,13700869050;15937169611,8：00——22：00
惠济区,50600,茶艺馆,友民茶社(东赵社区店),东赵老社区,113.637828,34.881483,19937537063,8：00——22：00
惠济区,50600,茶艺馆,雀之家茶社(金蓝湾店),金蓝湾东南门北200米,113.630701,34.825778,17739798255,8：00——22：00
惠济区,50600,茶艺馆,郑福星河南运营中心,艺茂国际仓,113.61907,34.857893,13592623368,8：00——22：00
惠济区,50600,茶艺馆,陶里淘茶(王寨街店),万科·民安江山府南门东90米,113.629508,34.816717,13083715380,8：00——22：00
惠济区,50600,茶艺馆,酒圈·茶汇,长兴路10一12号,113.627767,34.819681,13653812972,8：00——22：00
惠济区,50700,冷饮店,蜜雪冰城(新城路店),新城路79-9,113.62352,34.869803,15538066362,8：00——22：00
惠济区,50700,冷饮店,沪上阿姨·精选茶饮(郑州北大学城美景万科店),杏花街美景万科2号楼116号沪上阿姨,113.644932,34.859142,17527721235,8：00——22：00
惠济区,50700,冷饮店,阿秋姐妹手作糖水铺(惠济万达店),开元路68号万达广场郑州惠济店4F层,113.637683,34.868872,17703865182,8：00——22：00
惠济区,50700,冷饮店,蜜雪冰城(丹尼斯店),新城路与文创路碧源月湖广场3号楼,113.637688,34.870748,15093077237,8：00——22：00
惠济区,50700,冷饮店,茶百道(郑州惠济郑大体院外街店),金杯路10号10号楼01号(长虹路9号),113.629117,34.825038,17303816958,8：00——22：00
惠济区,50700,冷饮店,益禾堂(郑大体院校外店),河南体育学院南门旁,113.628711,34.825895,18300610075,8：00——22：00
惠济区,50700,冷饮店,蜜雪冰城(丰乐园店),丰乐园大酒店东北门旁,113.635775,34.801821,13939003350;15638157090,8：00——22：00
惠济区,50700,冷饮店,沪上阿姨·精选茶饮(郑州英才街店),黄河美邸小区2号楼1单元门面房桂州村东边,113.65296,34.859447,13007613110,8：00——22：00
惠济区,50700,冷饮店,茶百道(汇金升龙商业广场店),升龙汇金广场2号楼139号,113.63142,34.800126,18237103959,8：00——22：00
惠济区,50700,冷饮店,LINLEE·手打柠檬茶(惠济万达店),开元路68号郑州惠济万达广场5F多经铺位JY-BX-501,113.637516,34.868687,19838123076,8：00——22：00
惠济区,50700,冷饮店,蜜雪冰城(升龙汇金店),南阳路升龙汇金广场1-33号,113.631614,34.800273,13271568883,8：00——22：00
惠济区,50700,冷饮店,茶百道(郑州惠济裕华广场店),长兴路37号3栋112号1层,113.625419,34.833917,18838079185,8：00——22：00
惠济区,50700,冷饮店,麒麟大口茶(郑州惠济万达广场店),迎宾路街道开元路68号1号楼惠济万达广场4层4020A号商铺,113.636775,34.869027,19939183652,8：00——22：00
惠济区,50700,冷饮店,蜜雪冰城(长柳路店),长兴路街道长兴路39号2号楼3号铺,113.623847,34.835132,13949088605;15947209158,8：00——22：00
惠济区,50700,冷饮店,书亦烧仙草(郑州惠济区英才街店),迎宾路街道英才街与桂圆南街交叉口50米路东2号楼2号一楼,113.653579,34.859388,19213843678,8：00——22：00
惠济区,50700,冷饮店,蜜雪冰城(郑州财经学院店),天河路与江山路交叉口郑州财经学院商业街4号房屋,113.598447,34.861531,17838768499;18348239190,8：00——22：00
惠济区,50700,冷饮店,益禾堂(郑州惠济万达五楼店),新城路惠济万达5楼5050A,113.63703,34.868835,19137642203,8：00——22：00
惠济区,50700,冷饮店,艾尚炒酸奶(兴隆城店),兴隆铺路兴隆城A区2号楼111室-1(外围门面房),113.619287,34.805036,17730066628,8：00——22：00
惠济区,50700,冷饮店,书亦烧仙草(郑州毛庄农贸市场店),新城路与金杯北路交叉口西北40米,113.625134,34.870224,18237123669,8：00——22：00
惠济区,50700,冷饮店,益禾堂(美景·欢乐广场店),文化北路236号美景·欢乐广场108-1,113.645678,34.858962,15838031701,8：00——22：00
惠济区,50700,冷饮店,蜜雪冰城(美景·欢乐广场店),文化北路与英才街交叉路口西南角美景·欢乐广场F1,113.645125,34.85915,18556535062;18837162755,8：00——22：00
惠济区,50700,冷饮店,茶瀑布(郑州财经学院店),江山路街道科技路郑州财经学院商业街29号,113.598536,34.861565,13755873984,8：00——22：00
惠济区,50700,冷饮店,厚本酸奶(月湖广场店),新城路月湖公寓一号楼一单元23楼2339,113.635696,34.868933,17344992265,8：00——22：00
惠济区,50700,冷饮店,蜜雪冰城(鑫苑逸品香山店),金达路银通路交叉口西南角,113.670506,34.862343,18239973997,8：00——22：00
惠济区,50700,冷饮店,蜜雪冰城(花园口店),花园口村社区东门东北130米,113.665418,34.898926,13526782925,8：00——22：00
惠济区,50700,冷饮店,蜜雪冰城(北大学城中州店),文化北路与英才街交叉路口西南角美景·欢乐广场F6,113.649213,34.859328,13275975839;18037777668,8：00——22：00
惠济区,50700,冷饮店,蜜雪冰城(南阳寨店),南阳路心语雅园5号楼1层2号,113.626954,34.808803,16692118824,8：00——22：00
惠济区,50700,冷饮店,蜜雪冰城(中海湖滨世家店),中海湖滨世家·怡然苑(东赵地铁站B口步行430米),113.638996,34.878131,13271583283,8：00——22：00
惠济区,50700,冷饮店,蜜雪冰城(黄河美邸店),新青年小区西门西北80米(北大学城地铁站A口旁),113.647108,34.859657,18539037131,8：00——22：00
惠济区,50700,冷饮店,蜜雪冰城(河南牧业经济学院店),,113.63775,34.863076,15093197606;4000608888,8：00——22：00
惠济区,50700,冷饮店,蜜雪冰城(弓庄新城店),弓庄新城一号院西南门旁,113.684914,34.867864,4000608888,8：00——22：00
惠济区,50700,冷饮店,蜜雪冰城(谦祥·兴隆城店),兴隆铺路兴隆城A区2号楼102户,113.618599,34.805716,13849184247;18638635860;4000608888,8：00——22：00
惠济区,50700,冷饮店,蜜雪冰城(国基大学城店),国基大学城生活园区(北大学城地铁站A口步行360米),113.650146,34.859567,4000608888,8：00——22：00
惠济区,50700,冷饮店,蜜雪冰城(裕华广场店),长兴路街道惠济区三全路与长兴街交叉口裕华广场内1层A-1067号,113.625538,34.832833,13676916602;19913893493,8：00——22：00
惠济区,50700,冷饮店,蜜雪冰城(毛庄社区店),新城街道开元路毛庄二号院20号楼35号商铺1间,113.627174,34.866083,18739944480,8：00——22：00
惠济区,50700,冷饮店,蜜雪冰城(正弘智空间店),迎宾路街道英才街豫泰路8号正弘澜庭叙F区1号楼B座124号商铺蜜雪冰城,113.68297,34.860634,19839977376,8：00——22：00
惠济区,50700,冷饮店,蜜雪冰城(郑州师范学院东区店),英才街6号郑州师范学院校内静馨园餐厅外侧,113.658878,34.86358,18530062841,8：00——22：00
惠济区,50700,冷饮店,蜜雪冰城(新城路店),新城路与南北大街交叉口东南60米,113.599764,34.870751,17637121276,8：00——22：00
惠济区,50700,冷饮店,蜜雪冰城(汉启路店),古荥镇卫生院南门西60米,113.533687,34.879489,15638863996,8：00——22：00
惠济区,50700,冷饮店,益禾堂(郑州裕华广场店),三全路与长兴路交叉口裕华广场外场一层-16号商铺,113.624802,34.83322,13283858983,8：00——22：00
惠济区,50700,冷饮店,蜜雪冰城(京水店),花园口镇京水村农贸市场A区门面房18号,113.698551,34.873721,13213116671,8：00——22：00
惠济区,50700,冷饮店,半糖记干噎酸奶,郑州师范学院东校区北门创业街1-1商铺,113.657561,34.865971,15538313519,8：00——22：00
惠济区,50700,冷饮店,猫与酸奶(惠济万达店),万达广场惠济店5层中厅向东第一个过道(小菜园门口),113.637075,34.868675,15736727132,8：00——22：00
惠济区,50700,冷饮店,书亦烧仙草(郑州惠济区逸品香山店),鑫苑逸品香山中区南门旁,113.670296,34.862869,13703713445,8：00——22：00
惠济区,50700,冷饮店,沪上阿姨鲜果茶(郑州福都广场金达店),迎宾路街道福都广场金达路店4F-019,113.678726,34.862481,17719993327,8：00——22：00
惠济区,50700,冷饮店,一间茶,绿源路8-3号,113.567797,34.887781,18370457037,8：00——22：00
惠济区,50700,冷饮店,牛魔王汉堡炸鸡茶饮(郑州惠济区),香山路金桥路交叉口向北200米西黄刘村路东,113.667781,34.876204,13937092423;18336307725,8：00——22：00
惠济区,50700,冷饮店,益禾堂(郑州师范北门店),开元路201号,113.657242,34.864826,18538061922,8：00——22：00
惠济区,50700,冷饮店,吉常乐手作酸奶铺,英才街新青年小区1号楼一层门面,113.647343,34.859697,15037136885;18199152686,8：00——22：00
惠济区,50700,冷饮店,柠里柠外鲜果茶饮,兴隆路8-16,113.618244,34.806037,18538392512,8：00——22：00
惠济区,50700,冷饮店,半分糖水,英才网国基大学城生活区内右转6户,113.649235,34.859353,13073762563,8：00——22：00
惠济区,50700,冷饮店,善念满罐酸奶(国基大学城生活园区店),文化北路与英才街交叉口向东200米路南,113.64857,34.859674,17596501118,8：00——22：00
惠济区,50700,冷饮店,优TA热狗冰激凌茶饮(省体育中心店),长兴路38号体育中心院内西南角,113.628091,34.834377,18937101752,8：00——22：00
惠济区,50700,冷饮店,爷爷不泡茶NOYEYENOTEA(郑州惠济万达广场店),万达广场四楼4061号铺,113.637275,34.868825,13939094761,8：00——22：00
惠济区,50700,冷饮店,甜啦啦鲜果茶(花园口农贸市场店),花园口老街与防汛路交叉口南380米,113.665357,34.900757,18272923582,9：00——22：00
惠济区,50700,冷饮店,库迪咖啡(郑州师范学院东校区店),荷花街郑州师范学院静馨园餐厅二楼入口处,113.651111,34.859784,18764521567,8：00——22：00
惠济区,50700,冷饮店,果果自选水果捞(国基大学城生活园区店),英才街北大学城城(北大学城地铁站A口步行440米),113.649633,34.858411,19913862101;19937659309,8：00——22：00
惠济区,50700,冷饮店,贡茶(升龙汇金店),升龙汇金广场3号楼108号,113.629855,34.799841,17335572820,7：00——22：00
惠济区,50700,冷饮店,益禾堂(红河州元阳县常青路店),常青路农贸市场1层14号,113.622699,34.82466,18787340736,8：00——22：00
惠济区,50700,冷饮店,天冰冰淇淋,惠济区花园口镇京水东街京水社区北门,113.701771,34.873227,13333813294,8：00——22：00
惠济区,50700,冷饮店,酷乐冰城,江山路与绿源路交叉口东220米,113.569095,34.888033,17719834162,8：00——22：00
惠济区,50700,冷饮店,胖邱薯薯(郑州师范),郑州师范学院东校区北门1-24号,113.657316,34.865264,15090088968,8：00——22：00
惠济区,50700,冷饮店,可涵奶茶汉堡(东赵社区店),大河路龙泽文苑,113.637894,34.880792,15286816604;15638801618,8：00——22：00
惠济区,50700,冷饮店,奶之喜干噎酸奶,长柳路与长兴路交叉口向西500米路南,113.623376,34.834896,18339912407,8：00——22：00
惠济区,50700,冷饮店,十里桃花奶茶店,长兴路街道常青路三号院4号门面,113.621213,34.825019,13673377881,8：00——22：00
惠济区,50700,冷饮店,益禾堂(郑州商学院西校区店),郑州商学院(西校区),113.63703,34.868835,19120010710,8：00——22：00
惠济区,50700,冷饮店,王吃吃奶皮子手工酸奶酪(长兴路店),长柳路39号2号楼12-17,113.623991,34.835149,13373708302,8：00——22：00
惠济区,50700,冷饮店,冰界柠檬茶,大河路南辅路与贺翔街交叉口西160米路北,113.746506,34.871053,18603868221,8：00——22：00
惠济区,50700,冷饮店,麦迪美汉堡炸鸡,御翠园B区36号,113.660281,34.874913,13592540668,8：00——22：00
惠济区,50700,冷饮店,喜乐·冰糖葫芦·炒酸奶(惠济万达店)(暂停营业),开元路68号万达广场(郑州惠济店)4F层,113.635789,34.868813,18203618032,8：00——22：00
惠济区,50700,冷饮店,布谷布谷热干面(民安北郡店),民安北郡一期新城路路南111号商铺,113.623062,34.869809,18530098287;18697302560,8：00——22：00
惠济区,50700,冷饮店,布谷布谷热干面(升龙商业广场汇金店),升龙汇金1幢1层132号,113.631768,34.800307,13526835256,8：00——22：00
惠济区,50700,冷饮店,布谷布谷热干面(金达路店),迎宾路街道英才街6号天地湾5号楼1层,113.673824,34.862382,15838159697,8：00——22：00
惠济区,50700,冷饮店,西雅苏新疆炒米粉(升龙汇金店),刘寨街道升龙·汇金广场4号楼1层117号商铺,113.629025,34.799325,15794628373,7：00——22：00
惠济区,50700,冷饮店,0090汉堡工厂(国基大学城店),英才街50号国基大学城生活区西餐厅东南角,113.649373,34.858748,15638411777,8：00——22：00
惠济区,50700,冷饮店,布谷布谷热干面(花园口镇店),中州大道8号,113.665018,34.896068,15290871011,8：00——22：00
惠济区,50700,冷饮店,布谷布谷热干面(心语雅园店),兴隆铺路心语雅园(兴隆铺地铁站C口步行380米),113.627204,34.809372,13783496309,8：00——22：00
惠济区,50800,糕饼店,飘香岛蛋糕房(兴隆铺店),南阳路与兴隆路交叉口南30米路西,113.626508,34.808645,0371-63759158,8：00——22：00
惠济区,50800,糕饼店,香雪儿(开元路店),毛庄小区一号院(毛庄地铁站B口步行290米),113.623578,34.865402,0371-61313961,8：00——22：00
惠济区,50800,糕饼店,仟吉西饼(郑州惠济万达广场店),开元路惠济万达1层东南角,113.638285,34.868269,0371-65346864,8：00——22：00
惠济区,50800,糕饼店,福晶园(开元店),开元路固城路交叉口(毛庄地铁站A口步行180米),113.626646,34.86596,0371-55369963,8：00——22：00
惠济区,50800,糕饼店,焙乐优甜(汇金升龙商业广场店),南阳路宋寨南街交叉口升龙汇金广场北门102,113.631317,34.800657,19937414888,8：00——22：00
惠济区,50800,糕饼店,桂洲村新中式糕点(英才街店),英才街黄河美邸105-29号,113.65293,34.85949,15515506732,8：00——22：00
惠济区,50800,糕饼店,香雪儿(迎宾路三号店),迎宾路街道水镜怡园商铺北11-12号,113.66297,34.870218,0371-55200271;0371-85511615;19003831532,8：00——22：00
惠济区,50800,糕饼店,日日鲜蛋糕(毛庄店),民安北郡1期西南门南150米,113.621799,34.867588,0371-63682390,8：00——22：00
惠济区,50800,糕饼店,福晶园(金达路店),弓庄新城一号院一楼8号商铺,113.685216,34.867242,0371-55952021,8：00——22：00
惠济区,50800,糕饼店,心爽蛋糕名店(英才街店),文化北路英才街交叉口23-19,113.648145,34.859696,0371-65502126;15003892100,8：00——22：00
惠济区,50800,糕饼店,芊芊西饼(郑州店),迎宾路办事处香山路东金达路北2号楼107号,113.669634,34.862839,0371-86580870;15225150806,8：00——22：00
惠济区,50800,糕饼店,初味(水境·怡园店),水境·怡园,113.664674,34.87079,17737776426,8：00——22：00
惠济区,50800,糕饼店,香雪儿面包(英才街店),英才街19号3号楼1层1号,113.67391,34.860085,0371-67112251;15670619285,8：00——22：00
惠济区,50800,糕饼店,日日鲜蛋糕(珠江荣景店),江山路与坡阳路交叉口桂花苑3号-08号商铺(桂花苑南门),113.607627,34.846189,0371-55000876,8：00——22：00
惠济区,50800,糕饼店,焙思香蛋糕(北大学城店),国基大学城生活园区西商业楼11号(进园区右转50m橙黄色招牌),113.649551,34.858571,17319749300,8：00——22：00
惠济区,50800,糕饼店,麦香园(国基路店),长兴路街道9号附12号楼3单元1层43,113.624208,34.819297,18336309884,8：00——22：00
惠济区,50800,糕饼店,糖果优焙(惠济万达店),天元路木马嘉苑一楼31号下西商铺,113.638003,34.865305,15981884789,8：00——22：00
惠济区,50800,糕饼店,秘境鹿屿CAKE生日蛋糕·冰淇淋·动物奶油(惠济店),月湖广场3号楼底商2层234号,113.637148,34.869883,19037158123,8：00——22：00
惠济区,50800,糕饼店,千层焙焙(郑州店),迎宾路街道文化路与英才街向南200米路东2号铺,113.647573,34.858139,19337877893,8：00——22：00
惠济区,50800,糕饼店,焙思香蛋糕(惠济万达店),新城街道毛庄社区1号院10号楼1层2号,113.624058,34.86551,13253501886,8：00——22：00
惠济区,50800,糕饼店,焙乐优甜(南阳路店),南阳路心语雅园西1门旁(兴隆铺地铁站C口步行210米),113.627053,34.808686,13592697591,8：00——22：00
惠济区,50800,糕饼店,草鸡蛋蛋糕,英才街105-22号,113.65231,34.859506,18137678097,8：00——22：00
惠济区,50800,糕饼店,卡萨西饼(迎宾路店),,113.666092,34.878017,15838295206,8：00——22：00
惠济区,50800,糕饼店,麦可欣蛋糕(美景·欢乐广场店),美景欢乐广场负1层(北大学城地铁站B口步行90米),113.645494,34.858898,13673659879;13703840258,8：00——22：00
惠济区,50800,糕饼店,樱桃冰淇淋蛋糕(北大学城店),郑州师范学院北门1-86,113.657332,34.866549,13203728822,8：00——22：00
惠济区,50800,糕饼店,枣子坊(月湖广场店),月湖广场,113.637759,34.870021,18530770677,8：00——22：00
惠济区,50800,糕饼店,卡麦隆蛋糕,南阳路161号院1号楼1层2号,113.627196,34.808428,13203851444,8：00——22：00
惠济区,50800,糕饼店,陶老大月饼批发,艺贸国际仓农贸市场内,113.619492,34.858203,16696840688,8：00——22：00
惠济区,50800,糕饼店,甜橙Cake甜品蛋糕,新城路北假期西路东3号楼14层1402,113.63733,34.869731,13140017276,8：00——22：00
惠济区,50800,糕饼店,一半生活私人订制蛋糕(宜家店),王砦佳园三号院1号楼2单元804,113.629237,34.818966,13783620623,8：00——22：00
惠济区,50800,糕饼店,枣子坊(美景欢乐广场店),美景欢乐广场步行街中段,113.64485,34.859138,19943838367,8：00——22：00
惠济区,50800,糕饼店,焙乐优甜(南阳路店),兴隆铺地铁站C口步行230米,113.628296,34.810234,13592697591,8：00——22：00
惠济区,50800,糕饼店,转角私房烘焙,江山路北段森巴林海商业街,113.547354,34.913033,13526696339,9：00——22：00
惠济区,50800,糕饼店,ABC蛋糕房,古荥镇古须路大河路交叉口向西100米路南,113.532631,34.87925,17538718280,8：00——22：00
惠济区,50800,糕饼店,麦香美蛋糕(郑大体院总店),金杯路宏达路交岔口金蓝湾小区,113.630133,34.823581,13653851438,8：00——22：00
惠济区,50800,糕饼店,皇家新中式糕点,英才街6号天地湾佳苑西门,113.673758,34.8612,13526729625,8：00——22：00
惠济区,50800,糕饼店,憩质萌麦蛋糕烘焙(碧源月湖桂园店),碧源月湖桂园10-1403,113.63573,34.876233,15378702960,8：00——22：00
惠济区,50800,糕饼店,麦可欣蛋糕(大河路店),大河路87号(欧尚快捷宾馆对面),113.744562,34.871146,15038066218;15136463230,8：00——22：00
惠济区,50800,糕饼店,南洋大师傅(裕华广场店),三全路与长兴路交会处西北角裕华广场商场1层扶梯旁,113.624704,34.833132,13574040528;18538931156,8：00——22：00
惠济区,50800,糕饼店,倍吉利蛋糕店,师范学院东校区北门创业街1-12,113.657454,34.865568,15226003295,8：00——22：00
惠济区,50800,糕饼店,洛斯达·生日蛋糕·烘焙(美景·欢乐广场店),文化北路与英才街交叉路口西南角美景·欢乐广场B1,113.64518,34.858845,13673659879,8：00——22：00
惠济区,50800,糕饼店,丽莎西点(艺茂仓店),英才街与长兴北路向北20米路西艺茂国际仓市投集农贸市场一楼,113.61966,34.858308,18538217016,8：00——22：00
惠济区,50800,糕饼店,飘香岛.福馨园蛋糕(郑州财经学院),科技路郑州财经学院商业街七号福馨园蛋糕,113.598775,34.860725,13703953388,8：00——22：00
惠济区,50800,糕饼店,鹿兮家烘焙,新城街道开元路1号惠龙·鸿运花园,113.589698,34.869162,18839671024,8：00——22：00
惠济区,50800,糕饼店,觅甜千层蛋糕(绿洲花园1号院店),长兴路街道电厂路90号绿洲花园1号院,113.60318,34.803779,18511999578,8：00——22：00
惠济区,50800,糕饼店,艾焙尔烘焙工作室,月湖广场3号楼,113.637576,34.869716,15324725879,8：00——22：00
惠济区,50800,糕饼店,港笙现烤点心(祥云店),花园口镇京水村京水东路与大河路交叉口东北角,113.698544,34.873715,17788156767,8：00——22：00
惠济区,50800,糕饼店,美芝莲(惠济万达店),开元路68号惠济万达广场5楼中庭(3号门直达),113.636715,34.868932,13733812298;13837188987,8：00——22：00
惠济区,50800,糕饼店,觅甜烘焙,牛庄村s312与丰硕街交叉口向北150米,113.589761,34.903851,16603811896,9：00——22：00
惠济区,50800,糕饼店,枣欢喜枣糕(惠济总店),英才街与文化北路交叉口东路南(7号线北大学城站D口路对面),113.647442,34.859687,18336126561,8：00——22：00
惠济区,50800,糕饼店,岳记宫廷糕点,107国道g107号附近,113.665153,34.896227,16637772543,8：00——22：00
惠济区,50800,糕饼店,久等手作面包,月湖广场2号楼517,113.638193,34.870129,16603807928,8：00——22：00
惠济区,50800,糕饼店,曾小白蛋糕(惠济店),桂圆南街与滨河路向50米路北大脸猫二楼东头,113.651964,34.857125,18871290684,8：00——22：00
惠济区,50800,糕饼店,可可同学私房蛋糕(民安·北郡一号院店),民安·北郡一号院(毛庄地铁站D口步行350米),113.628558,34.867865,13333719207,8：00——22：00
惠济区,50800,糕饼店,红芙蓉蛋糕房(京港线店),花园口镇凌庄村37号,113.735615,34.876536,13253383525;15617741550,8：00——22：00
惠济区,50800,糕饼店,微甜烘焙,下坡杨榆花苑社区南门东90米,113.609336,34.850268,19139878293,8：00——22：00
惠济区,50800,糕饼店,麦香园蛋糕店,大河路街道正商玉兰谷东区13A号,113.567676,34.892743,15738871803,8：00——22：00
惠济区,50800,糕饼店,ODB我们每天的面包,绿地璀璨天城D号楼3层321号,113.619251,34.814593,17320191676,8：00——22：00
惠济区,50800,糕饼店,轻甜屿礼木糖醇蛋糕房,迎宾路街道开元路木马嘉苑壹号院,113.637775,34.865225,17638837493,8：00——22：00
惠济区,50800,糕饼店,馨德利烘培,花园口镇花园口村3组13号,113.663276,34.8962,13733174527,8：00——22：00
惠济区,50800,糕饼店,微烘时光(民安北郡1期店),清华园路与新城路交叉口东南角往南10米,113.622108,34.869682,15936241378,8：00——22：00
惠济区,50800,糕饼店,生日蛋糕,光杨路与香山路交叉口东80米,113.668305,34.876755,15838295206;18638510252,8：00——22：00
惠济区,50800,糕饼店,蛋糕树,大河路与京水东路交叉口东南500米,113.702097,34.873145,15036151098;18638561742,8：00——22：00
惠济区,50800,糕饼店,红芙蓉蛋糕房(光杨路店),光杨路107号,113.671656,34.876668,13673693458,8：00——22：00
惠济区,50800,糕饼店,田鑫园蛋糕,长柳路与长兴路交叉口西220米,113.623581,34.834694,13643804579,8：00——22：00
惠济区,50800,糕饼店,屿橙烘焙,锦艺四季城苏屯五号院,113.621761,34.85556,18703800327,8：00——22：00
惠济区,50800,糕饼店,佬俵食品(西山路辅路店),古荥镇长兴苑小区斜对面,113.542563,34.909476,13523001750,9：00——22：00
惠济区,50800,糕饼店,一品香蜂蜜无水脆皮蛋糕(御翠园店),御翠园C区东门北90米,113.66025,34.874687,18858831827,8：00——22：00
惠济区,50800,糕饼店,露菡烘焙(谦祥·兴隆城臻园店),兴隆城臻园5号楼底商,113.621413,34.802229,18631169767,8：00——22：00
惠济区,50800,糕饼店,美好时光西点(亚新美好时光店),南阳路206号亚新美好时光,113.63367,34.79847,13733847916,7：00——22：00
惠济区,50800,糕饼店,巴黎焙甜生日蛋糕,滨河路与桂圆南街交叉口西100米,113.652168,34.857132,15136126418,8：00——22：00
惠济区,50800,糕饼店,桂洲村点心集市(惠济万达店),开元路68号惠济万达广场5F中厅JY-BX-504,113.636671,34.869036,15515506985,8：00——22：00
惠济区,50800,糕饼店,雀巢冰淇淋原料蛋糕(英才街店)(暂停营业),迎宾路街道香山路7号12号楼1层商铺9号,113.670105,34.864122,13223050920,8：00——22：00
惠济区,50800,糕饼店,袁记糕点,刘砦农贸市场西门进门第一家,113.632006,34.803742,18538716416,8：00——22：00
惠济区,50800,糕饼店,東更道点心行(郑州惠济万达广场店),开元路68号万达广场郑州惠济店1F层,113.638022,34.868524,19036918231,8：00——22：00
惠济区,50900,甜品店,甜美之梦雪糕多多(升龙汇金店),南阳路与宋寨南街交叉口向西北240米,113.63029,34.80094,17737795270,8：00——22：00
惠济区,50900,甜品店,简加甜品(弘润路店),弘润路1号院7号楼门面房70-01,113.631732,34.803528,13673662000,8：00——22：00
惠济区,50900,甜品店,黎太院炸鸡无限自助,福都广场(金达店),113.686975,34.864175,19037113661,8：00——22：00
惠济区,50900,甜品店,夏师傅滋补炖汤养生馆(惠达金苑店),惠达金苑5号楼101一楼东北角,113.677772,34.861615,18539929098;18739926599,8：00——22：00
惠济区,50900,甜品店,郑州海味源食品有限公司,绿源路9号院内,113.575099,34.888311,13383868787,8：00——22：00
